re_text,prevalence,se_prevalence,adjustment_type,RSE,outcome
AIAN,0.4593673623586862,0.026634249298822393,Standardized,5.798028219084852,smoke
AIAN-Black,0.3052484881500507,0.059180841,Standardized,19.387758973479414,smoke
AIAN-Black-White,0.5065002522155225,0.059353705,Standardized,11.718395951696655,smoke
AIAN-Multiple,0.40641470054080703,0.047048317,Standardized,11.576430916278174,smoke
AIAN-White,0.5589091086234956,0.031084372,Standardized,5.561614818679553,smoke
Asian Indian,0.15811660905504493,0.016035937,Standardized,10.141842307784243,smoke
Asian-Black,0.42543177315003267,0.088115366,Standardized,20.711985125039984,smoke
Asian-Multiple,0.36055456350975423,0.067755359,Standardized,18.791984906539344,smoke
Asian-NHPI,0.16207895759162458,0.043861565672416475,Standardized,27.061850794308796,smoke
Asian-White,0.3831381527481232,0.037174369983560315,Standardized,9.702601977099086,smoke
Black,0.37989863176269967,0.010340711990768903,Standardized,2.721966105218336,smoke
Black-Multiple,0.3511195991141273,0.074224974,Standardized,21.139513192304854,smoke
Black-White,0.3643135157770261,0.043388247319525494,Standardized,11.909590350219334,smoke
Chinese,0.18148653857858615,0.013887266906102643,Standardized,7.651954252292528,smoke
DK/R,0.34957194503870237,0.019640240011322856,Standardized,5.618368490397138,smoke
Filipino,0.3251213954006005,0.017481273626593682,Standardized,5.376845041235756,smoke
Hispanic-AIAN,0.379665412,0.016800285731974392,Standardized,4.425024031,smoke
Hispanic-AIAN-White,0.4749124482857078,0.057431509,Standardized,12.093073029278091,smoke
Hispanic-Asian,0.3627948275573521,0.048062683,Standardized,13.247896407619772,smoke
Hispanic-Black,0.33872753001455885,0.023659018986609742,Standardized,6.984675554890048,smoke
Hispanic-Black-White,0.19990979107791448,0.049130961,Standardized,24.576565593947546,smoke
Hispanic-NHPI,0.41240706026421303,0.058315120070500374,Standardized,14.14018470807463,smoke
Hispanic-White,0.3006735996258752,0.00489095,Standardized,1.6266642049995945,smoke
Japanese,0.3699431151430801,0.034689482,Standardized,9.376977393915219,smoke
Korean,0.4222745477736386,0.040142980022046255,Standardized,9.506369785650687,smoke
Mexican,0.3003440647316293,0.009090755,Standardized,3.0267804709252153,smoke
Multiple Hispanic,0.3914691735992703,0.047729389,Standardized,12.192374722361112,smoke
NHPI-Multiple,0.4225331024366034,0.070108819,Standardized,16.592503335815305,smoke
NHPI-White,0.4045800415477666,0.077932555,Standardized,19.26258020167125,smoke
Other Asian,0.23708505549161046,0.020497037622377468,Standardized,8.645436372982514,smoke
Other Hispanic,0.2717624541865439,0.016612169,Standardized,6.112753471332914,smoke
Other Pacific Islander,0.3288454246256338,0.051504973696219834,Standardized,15.662365913971415,smoke
Other Race,0.38029810013158627,0.019784159497850555,Standardized,5.202276711612567,smoke
Other Race-White,0.4491692782123768,0.057385007,Standardized,12.775808432331914,smoke
Puerto Rican,0.31924132531458865,0.060577118,Standardized,18.975337120611943,smoke
Samoan,0.5039864233282532,0.07760771,Standardized,15.39877001918839,smoke
Unspecified Asian,0.21421105074391986,0.020551618,Standardized,9.594097795,smoke
Unspecified NHPI,0.40009346020747005,0.054453339158813806,Standardized,13.610154769982197,smoke
Vietnamese,0.19957439809338068,0.022751738360398142,Standardized,11.400128762885018,smoke
White,0.41160238388259046,0.003553213,Standardized,0.8632635803872413,smoke
AIAN,0.46381268079037813,0.025996132611060378,Standardized,5.604877505022212,drink_any
AIAN-Black,0.5219943660431773,0.043112341758790404,Standardized,8.259158444,drink_any
AIAN-Black-White,0.5521666068864671,0.067117546,Standardized,12.155306886177279,drink_any
AIAN-Multiple,0.5177840127603657,0.051644526,Standardized,9.974144625740863,drink_any
AIAN-White,0.5070653907425497,0.030527784138137976,Standardized,6.020482702128989,drink_any
Asian Indian,0.45144315481710634,0.023103829,Standardized,5.117771373632964,drink_any
Asian-Black,0.4758689049255667,0.085956295,Standardized,18.06301984896561,drink_any
Asian-Multiple,0.5910548617424037,0.063067161,Standardized,10.670271892555446,drink_any
Asian-NHPI,0.5382854755877186,0.056633458928680346,Standardized,10.521082491933484,drink_any
Asian-White,0.6497845559142563,0.035892542,Standardized,5.523760461765806,drink_any
Black,0.5281454632421081,0.010448826797656253,Standardized,1.9783994230518247,drink_any
Black-Multiple,0.6984362626482334,0.051783576,Standardized,7.414216364608244,drink_any
Black-White,0.6277962245756392,0.045215237,Standardized,7.202215578766554,drink_any
Chinese,0.46198154609033204,0.016395984869909893,Standardized,3.5490562358315407,drink_any
DK/R,0.5273881984135864,0.022569401314422338,Standardized,4.279466507273462,drink_any
Filipino,0.490802676,0.018861972662224252,Standardized,3.843086761282162,drink_any
Hispanic-AIAN,0.4989168594448154,0.017614450983888624,Standardized,3.5305383352828823,drink_any
Hispanic-AIAN-White,0.6209761723537551,0.058681328,Standardized,9.449851856093447,drink_any
Hispanic-Asian,0.45364382477426374,0.044237431,Standardized,9.751577846822554,drink_any
Hispanic-Black,0.4150239484820174,0.02452452,Standardized,5.909181773395767,drink_any
Hispanic-Black-White,0.6515060212897786,0.06283815,Standardized,9.6450604773038755,drink_any
Hispanic-NHPI,0.510915625,0.059540242,Standardized,11.653635046121808,drink_any
Hispanic-White,0.45586687989631897,0.005318129,Standardized,1.1665968450847186,drink_any
Japanese,0.6067229128829167,0.032005277,Standardized,5.275106103302137,drink_any
Korean,0.6227834311233673,0.040577271185103854,Standardized,6.515470572476725,drink_any
Mexican,0.4295353506413493,0.009404632,Standardized,2.189489552,drink_any
Multiple Hispanic,0.44464847957469145,0.050047126763081214,Standardized,11.25543638672768,drink_any
NHPI-Multiple,0.43456464635023573,0.061760007,Standardized,14.211926132708308,drink_any
NHPI-White,0.5068630486549562,0.068617862,Standardized,13.537751835407127,drink_any
Other Asian,0.4403020681578793,0.024701508,Standardized,5.610127737080342,drink_any
Other Hispanic,0.44326158064497057,0.019066536377959152,Standardized,4.301418668,drink_any
Other Pacific Islander,0.5510846511279865,0.048212343768164356,Standardized,8.748627578,drink_any
Other Race,0.5615933692319031,0.020021876,Standardized,3.5651910255535983,drink_any
Other Race-White,0.617159649,0.060990045,Standardized,9.882377319961522,drink_any
Puerto Rican,0.6052201618759383,0.057948655272733816,Standardized,9.574805818285427,drink_any
Samoan,0.3723045127128723,0.069287787,Standardized,18.610514942510157,drink_any
Unspecified Asian,0.490461429,0.024900525629322948,Standardized,5.076958992785917,drink_any
Unspecified NHPI,0.5033434829780169,0.059426697,Standardized,11.806390501510032,drink_any
Vietnamese,0.40444826216657065,0.031243639727598287,Standardized,7.725002837255534,drink_any
White,0.6436305433619446,0.003477899,Standardized,0.5403563848228109,drink_any
AIAN,0.161532527,0.020355064949676597,Standardized,12.601217395807621,drink_binge
AIAN-Black,0.087127128,0.038720755678180625,Standardized,44.44167551123019,drink_binge
AIAN-Black-White,0.089461134,0.037426692,Standardized,41.83570007206938,drink_binge
AIAN-Multiple,0.15266136143844994,0.042196520667815575,Standardized,27.640602880925037,drink_binge
AIAN-White,0.12441564676264501,0.016978226920709452,Standardized,13.646375968369803,drink_binge
Asian Indian,0.070194201,0.008647477,Standardized,12.31936102,drink_binge
Asian-Black,0.11027922513982778,0.044910219,Standardized,40.724097093097996,drink_binge
Asian-Multiple,0.14259484151236446,0.047638953,Standardized,33.40860911276449,drink_binge
Asian-NHPI,0.083998558,0.036534554,Standardized,43.494263506504936,drink_binge
Asian-White,0.16762097484725264,0.024744249525979103,Standardized,14.762024590614454,drink_binge
Black,0.14448244785673833,0.007411271,Standardized,5.129530170073096,drink_binge
Black-Multiple,0.19901072152290106,0.055951751,Standardized,28.114943130091557,drink_binge
Black-White,0.2029639497132043,0.034869938405738765,Standardized,17.180360578817716,drink_binge
Chinese,0.078841851,0.008471826,Standardized,10.745340738119163,drink_binge
DK/R,0.12524617321990691,0.011906427,Standardized,9.506419481,drink_binge
Filipino,0.1329203929653459,0.012501682752394785,Standardized,9.405391056626005,drink_binge
Hispanic-AIAN,0.19257770124781998,0.013332649870948404,Standardized,6.923257357709961,drink_binge
Hispanic-AIAN-White,0.2670716849282722,0.056899077,Standardized,21.30479581781172,drink_binge
Hispanic-Asian,0.1659459072522665,0.032398349,Standardized,19.52343955721263,drink_binge
Hispanic-Black,0.17685739148554094,0.017306323484261133,Standardized,9.785468019681847,drink_binge
Hispanic-Black-White,0.16712163768396995,0.055203373,Standardized,33.03185256518735,drink_binge
Hispanic-NHPI,0.1697767122199449,0.046568119,Standardized,27.429037976873243,drink_binge
Hispanic-White,0.14698480974344244,0.003635649,Standardized,2.473486466,drink_binge
Japanese,0.15125289453080024,0.025743037,Standardized,17.019864036307037,drink_binge
Korean,0.18719305230624242,0.031460227,Standardized,16.806300359132777,drink_binge
Mexican,0.17109708147510647,0.007147447,Standardized,4.177421916939257,drink_binge
Multiple Hispanic,0.1623917491832655,0.02858054,Standardized,17.59974870151281,drink_binge
NHPI-Multiple,0.17871125880282365,0.058077171,Standardized,32.497768674341934,drink_binge
NHPI-White,0.17828931844849086,0.068891185,Standardized,38.64010776488665,drink_binge
Other Asian,0.086483369,0.010850668935348947,Standardized,12.546538219212602,drink_binge
Other Hispanic,0.15793548628450035,0.014001145274541958,Standardized,8.865104102899778,drink_binge
Other Pacific Islander,0.20774567293834936,0.040325533,Standardized,19.41100996141903,drink_binge
Other Race,0.15944049400819985,0.013714582469727342,Standardized,8.601693412353587,drink_binge
Other Race-White,0.14736399831173155,0.043616566,Standardized,29.59784352670755,drink_binge
Puerto Rican,0.11727364799682295,0.030593210788864327,Standardized,26.087029193202145,drink_binge
Samoan,0.1314574282447988,0.053045336228265634,Standardized,40.351722178441754,drink_binge
Unspecified Asian,0.083752539,0.011406859306548963,Standardized,13.619717613912108,drink_binge
Unspecified NHPI,0.18344142916792242,0.043857239,Standardized,23.908034104156243,drink_binge
Vietnamese,0.091187252,0.015273445053013576,Standardized,16.749539776664108,drink_binge
White,0.19056590136568982,0.002854633,Standardized,1.4979769822917761,drink_binge
AIAN,0.2250638879313103,0.025301476768203688,Standardized,11.241908686801732,exer_no
AIAN-Black,0.1935728140192059,0.042060985,Standardized,21.728766594876443,exer_no
AIAN-Black-White,0.12012579771902808,0.02987899,Standardized,24.873083751720227,exer_no
AIAN-Multiple,0.23293254210387618,0.051161721,Standardized,21.964179365976293,exer_no
AIAN-White,0.20808468892936277,0.025823398838148756,Standardized,12.410042743180814,exer_no
Asian Indian,0.16066960450652962,0.018843278925775794,Standardized,11.727967454485148,exer_no
Asian-Black,0.1021676896778087,0.040726518,Standardized,39.86242476429305,exer_no
Asian-Multiple,0.165776514,0.046709401,Standardized,28.176127085847252,exer_no
Asian-NHPI,0.17209004782778728,0.045079866555592034,Standardized,26.195510504305304,exer_no
Asian-White,0.1290808978983259,0.027812472705355452,Standardized,21.546544189104345,exer_no
Black,0.23775718960249664,0.009129459,Standardized,3.8398247666301537,exer_no
Black-Multiple,0.10109200795519359,0.045694203036889716,Standardized,45.20060879307342,exer_no
Black-White,0.1640484419068664,0.038466559,Standardized,23.448292710739423,exer_no
Chinese,0.1447693947371793,0.012578622616346976,Standardized,8.688730542241167,exer_no
DK/R,0.1653367884460225,0.014254966492788377,Standardized,8.621775363347036,exer_no
Filipino,0.20037865338925387,0.015535585364334489,Standardized,7.753113967761423,exer_no
Hispanic-AIAN,0.2743301247316955,0.015854799738889352,Standardized,5.779459967947707,exer_no
Hispanic-AIAN-White,0.20906889016833918,0.042055994,Standardized,20.115854705069594,exer_no
Hispanic-Asian,0.17516951971028485,0.033959707724425144,Standardized,19.38676761835709,exer_no
Hispanic-Black,0.2532012510440134,0.020679883745823274,Standardized,8.167370287688087,exer_no
Hispanic-Black-White,0.3614786415002684,0.025451087865978165,Standardized,7.040827574306148,exer_no
Hispanic-NHPI,0.2350584593536814,0.056247447,Standardized,23.929131306830612,exer_no
Hispanic-White,0.28629418679560387,0.004994887,Standardized,1.744669462140698,exer_no
Japanese,0.15310871026729955,0.022751671,Standardized,14.859814703317028,exer_no
Korean,0.18124676563629327,0.031095041,Standardized,17.15619087694177,exer_no
Mexican,0.3210215321152154,0.009380552,Standardized,2.9220944474319226,exer_no
Multiple Hispanic,0.21263955737503393,0.039812441,Standardized,18.72297027814821,exer_no
NHPI-Multiple,0.1575974642010321,0.052127250830918195,Standardized,33.07619897006999,exer_no
NHPI-White,0.19686797554104932,0.04113911,Standardized,20.896801608096357,exer_no
Other Asian,0.1814561055043459,0.018663247085064817,Standardized,10.285268182732947,exer_no
Other Hispanic,0.2969375757966131,0.017928636,Standardized,6.037846920818011,exer_no
Other Pacific Islander,0.14808576541855153,0.035484266,Standardized,23.96196960072638,exer_no
Other Race,0.17525124923105537,0.014583123674610917,Standardized,8.321266603574497,exer_no
Other Race-White,0.16737618445803748,0.047426825,Standardized,28.33546772736451,exer_no
Puerto Rican,0.2224446043577529,0.060671328,Standardized,27.274803150043287,exer_no
Samoan,0.21574399372054584,0.065890459,Standardized,30.54103979998841,exer_no
Unspecified Asian,0.14547584509292288,0.017075040279741334,Standardized,11.737371430174287,exer_no
Unspecified NHPI,0.23972178515371573,0.048019992408963263,Standardized,20.031551316110725,exer_no
Vietnamese,0.16133883566049564,0.023781419,Standardized,14.740046338024746,exer_no
White,0.16158568493919273,0.002621057,Standardized,1.6220848030527786,exer_no
AIAN,0.41744572637878685,0.025112395,Standardized,6.015726955600926,hivtest_no
AIAN-Black,0.35227485630478594,0.0495098,Standardized,14.054309829018012,hivtest_no
AIAN-Black-White,0.35443737823207433,0.057959391,Standardized,16.35250520167074,hivtest_no
AIAN-Multiple,0.41993822426001665,0.050152613,Standardized,11.94285501582803,hivtest_no
AIAN-White,0.45273331878567324,0.028519740564462815,Standardized,6.299456960879047,hivtest_no
Asian Indian,0.7082997985297593,0.020897689,Standardized,2.950401711558033,hivtest_no
Asian-Black,0.28659809489704596,0.070908403,Standardized,24.741407630581403,hivtest_no
Asian-Multiple,0.5457430045282569,0.059555118738271524,Standardized,10.912667362498084,hivtest_no
Asian-NHPI,0.7230055912344205,0.049083265,Standardized,6.788780795175264,hivtest_no
Asian-White,0.4928498550580922,0.037620374,Standardized,7.633232272021802,hivtest_no
Black,0.4150106963288648,0.010366275338814422,Standardized,2.4978332921327713,hivtest_no
Black-Multiple,0.3016115507362583,0.061063804734886575,Standardized,20.245844227724326,hivtest_no
Black-White,0.4652252396488162,0.043474561,Standardized,9.344841531680052,hivtest_no
Chinese,0.7052777437415985,0.014731538587941505,Standardized,2.0887570490724126,hivtest_no
DK/R,0.5259122517520572,0.021534502721245803,Standardized,4.0946950084361795,hivtest_no
Filipino,0.6641271782720459,0.017285215009642113,Standardized,2.602696527887251,hivtest_no
Hispanic-AIAN,0.5367703321085971,0.016481746484478917,Standardized,3.0705397632044233,hivtest_no
Hispanic-AIAN-White,0.4671490172394583,0.055196852367767835,Standardized,11.815684145916592,hivtest_no
Hispanic-Asian,0.5955682578256826,0.044176859,Standardized,7.4175980353050965,hivtest_no
Hispanic-Black,0.5863169886973877,0.023572497720780707,Standardized,4.020435733,hivtest_no
Hispanic-Black-White,0.49706001580572445,0.085665314,Standardized,17.23440061446352,hivtest_no
Hispanic-NHPI,0.38910279953456056,0.06134759,Standardized,15.766422152217272,hivtest_no
Hispanic-White,0.5773582481273123,0.005235367,Standardized,0.9067796087074994,hivtest_no
Japanese,0.6120082029972513,0.034420416700101264,Standardized,5.624175711,hivtest_no
Korean,0.6140358737531213,0.036952223,Standardized,6.017925737292502,hivtest_no
Mexican,0.5944918897553999,0.009500544,Standardized,1.5980948090048792,hivtest_no
Multiple Hispanic,0.5655440140857022,0.048430407,Standardized,8.563507956423106,hivtest_no
NHPI-Multiple,0.34133977555914086,0.048158836369917746,Standardized,14.10876780797956,hivtest_no
NHPI-White,0.36259639534434035,0.062977532,Standardized,17.368493663071913,hivtest_no
Other Asian,0.6871195709676072,0.021431303028065386,Standardized,3.119006346724436,hivtest_no
Other Hispanic,0.5202749076412903,0.018251144,Standardized,3.5079808891986266,hivtest_no
Other Pacific Islander,0.641595272,0.046013293,Standardized,7.171700705090374,hivtest_no
Other Race,0.5497185482850505,0.019548155,Standardized,3.5560297851759444,hivtest_no
Other Race-White,0.4992911188075453,0.058992058,Standardized,11.815162751534308,hivtest_no
Puerto Rican,0.5386763690581856,0.069864142,Standardized,12.969594814778803,hivtest_no
Samoan,0.5546227627777351,0.06364582,Standardized,11.475515261830397,hivtest_no
Unspecified Asian,0.7313062406991647,0.021905185935995757,Standardized,2.9953506092130873,hivtest_no
Unspecified NHPI,0.5821879796050938,0.056469756,Standardized,9.699574396348302,hivtest_no
Vietnamese,0.6337952115885341,0.042268988,Standardized,6.669186960139263,hivtest_no
White,0.5331507303155928,0.003515727,Standardized,0.6594245736340189,hivtest_no
AIAN,0.6220252140688641,0.026984990399343337,Standardized,4.338247034,laiv_no
AIAN-Black,0.5947639280736458,0.061261918,Standardized,10.300207333666002,laiv_no
AIAN-Black-White,0.5647433644442773,0.066188536,Standardized,11.720108639519596,laiv_no
AIAN-Multiple,0.6288280615764814,0.053180682,Standardized,8.457110228943598,laiv_no
AIAN-White,0.6019251069630299,0.02952862,Standardized,4.905696667102328,laiv_no
Asian Indian,0.46349676922513217,0.024429641995265684,Standardized,5.270725411119227,laiv_no
Asian-Black,0.7367481717813411,0.061110583801298066,Standardized,8.29463664,laiv_no
Asian-Multiple,0.7167577556275379,0.060949138,Standardized,8.503450149077494,laiv_no
Asian-NHPI,0.5671712674128836,0.057291107614631485,Standardized,10.101200626040404,laiv_no
Asian-White,0.5565759899747402,0.037683732790039316,Standardized,6.770635720694592,laiv_no
Black,0.6559429886296435,0.009841351,Standardized,1.500336353,laiv_no
Black-Multiple,0.6035928603629304,0.060175568,Standardized,9.96956263,laiv_no
Black-White,0.5583897195172925,0.051125706,Standardized,9.155918236377957,laiv_no
Chinese,0.5364521629647637,0.016958941,Standardized,3.1613146306833686,laiv_no
DK/R,0.6282128173023706,0.020315523,Standardized,3.233860028989962,laiv_no
Filipino,0.493182161,0.018672714,Standardized,3.786169776330454,laiv_no
Hispanic-AIAN,0.6609989734147864,0.016434467687837004,Standardized,2.486307596354486,laiv_no
Hispanic-AIAN-White,0.6616399701327893,0.056350735142511633,Standardized,8.516827532532867,laiv_no
Hispanic-Asian,0.628183208,0.039133948,Standardized,6.229703034005942,laiv_no
Hispanic-Black,0.6946180148087445,0.023325202049526393,Standardized,3.357989794714543,laiv_no
Hispanic-Black-White,0.5686236042114401,0.052771796,Standardized,9.280619929,laiv_no
Hispanic-NHPI,0.6850362702722554,0.059731281,Standardized,8.719433302,laiv_no
Hispanic-White,0.6367096604718799,0.005267903,Standardized,0.827363378,laiv_no
Japanese,0.5252661951532774,0.034949339,Standardized,6.653643258741983,laiv_no
Korean,0.5442183920370991,0.043371756004875674,Standardized,7.969549842394713,laiv_no
Mexican,0.6607268005521835,0.009279631,Standardized,1.4044581109234227,laiv_no
Multiple Hispanic,0.6135608468523602,0.045240832,Standardized,7.373487476969162,laiv_no
NHPI-Multiple,0.5308830629278724,0.070045621,Standardized,13.194171290925436,laiv_no
NHPI-White,0.60486007,0.070397886,Standardized,11.638706132853665,laiv_no
Other Asian,0.5963223925171254,0.025713889133757908,Standardized,4.312078408663724,laiv_no
Other Hispanic,0.6386259783626355,0.018331603945372314,Standardized,2.870475766171064,laiv_no
Other Pacific Islander,0.5161011973555786,0.053375843,Standardized,10.342127294203287,laiv_no
Other Race,0.6550496817616155,0.018206132668149102,Standardized,2.7793514255571603,laiv_no
Other Race-White,0.5389598843101352,0.051797256,Standardized,9.610595790847928,laiv_no
Puerto Rican,0.5583532898833294,0.07404556,Standardized,13.261417409159568,laiv_no
Samoan,0.7639606644337857,0.064116389,Standardized,8.392629634328493,laiv_no
Unspecified Asian,0.4986621242197239,0.024995781422091263,Standardized,5.012568672867052,laiv_no
Unspecified NHPI,0.6244454482216268,0.051422819784255926,Standardized,8.234957902360279,laiv_no
Vietnamese,0.4741529826491807,0.039006757,Standardized,8.226618518,laiv_no
White,0.5755161221167058,0.003481513,Standardized,0.6049374460661008,laiv_no
AIAN,0.5934253801087831,0.025493882,Standardized,4.296055262052819,pcv_no
AIAN-Black,0.6350448870495009,0.057104237,Standardized,8.992157579125342,pcv_no
AIAN-Black-White,0.66518568,0.055019157,Standardized,8.271248001641464,pcv_no
AIAN-Multiple,0.6353615396928318,0.051688786,Standardized,8.135334462499651,pcv_no
AIAN-White,0.6112847304226159,0.029678812430276338,Standardized,4.8551535729933395,pcv_no
Asian Indian,0.6843462718648393,0.024800691080597473,Standardized,3.6239973972555948,pcv_no
Asian-Black,0.7290795895188888,0.061748686,Standardized,8.469402677,pcv_no
Asian-Multiple,0.5465165749626703,0.063931977,Standardized,11.698085589883172,pcv_no
Asian-NHPI,0.7326128910580696,0.054071599,Standardized,7.380650795554843,pcv_no
Asian-White,0.6585582146170117,0.035011893,Standardized,5.316446124,pcv_no
Black,0.6760490568418067,0.009496617,Standardized,1.4047230987467478,pcv_no
Black-Multiple,0.6310198783672354,0.054872247,Standardized,8.695803281,pcv_no
Black-White,0.6840607622702222,0.035918803109067664,Standardized,5.250820554282688,pcv_no
Chinese,0.7016060035587991,0.01476238,Standardized,2.104083998198326,pcv_no
DK/R,0.7023604923745703,0.017350593868681166,Standardized,2.470326001683486,pcv_no
Filipino,0.639556827,0.01727356,Standardized,2.7008640242816613,pcv_no
Hispanic-AIAN,0.7414026829521936,0.014279707619157173,Standardized,1.9260393774536615,pcv_no
Hispanic-AIAN-White,0.7166493940991501,0.044312327,Standardized,6.183264488305906,pcv_no
Hispanic-Asian,0.7578695714671007,0.032292683,Standardized,4.260981663558559,pcv_no
Hispanic-Black,0.7481881745512968,0.022130620697049352,Standardized,2.957895012216883,pcv_no
Hispanic-Black-White,0.859014813,0.047889178,Standardized,5.574895457964215,pcv_no
Hispanic-NHPI,0.6678846828715469,0.061664652,Standardized,9.232829264704627,pcv_no
Hispanic-White,0.7546859798765695,0.004478226,Standardized,0.5933893475734305,pcv_no
Japanese,0.7119005820496364,0.025321915,Standardized,3.5569453354924847,pcv_no
Korean,0.6933882872631489,0.044219326,Standardized,6.377281918536385,pcv_no
Mexican,0.7684785238564338,0.008037627,Standardized,1.0459143691685004,pcv_no
Multiple Hispanic,0.7008331536274087,0.04751971,Standardized,6.780459778002218,pcv_no
NHPI-Multiple,0.715510449,0.04197201,Standardized,5.8660233107777096,pcv_no
NHPI-White,0.6348722160142485,0.074155555,Standardized,11.68039061258626,pcv_no
Other Asian,0.7305062170806508,0.023095526,Standardized,3.161578328816888,pcv_no
Other Hispanic,0.7368814096864466,0.018374009,Standardized,2.4934825463250756,pcv_no
Other Pacific Islander,0.6691454897560102,0.048257916,Standardized,7.211872031225656,pcv_no
Other Race,0.6815464107845545,0.018849091659635994,Standardized,2.7656358189808485,pcv_no
Other Race-White,0.657364322,0.048687785,Standardized,7.406514599924637,pcv_no
Puerto Rican,0.7001363219419403,0.052612359783416045,Standardized,7.514587964453441,pcv_no
Samoan,0.8276183938491323,0.054939362490168855,Standardized,6.638248122380884,pcv_no
Unspecified Asian,0.7301068352214157,0.021431069,Standardized,2.9353333041229437,pcv_no
Unspecified NHPI,0.6818462414134577,0.044800597227905144,Standardized,6.570483857919951,pcv_no
Vietnamese,0.780995425,0.030404694,Standardized,3.893069350126356,pcv_no
White,0.662510605,0.00301714,Standardized,0.4554100932944707,pcv_no
AIAN,0.14099940042721226,0.018385351,Standardized,13.039311771463149,chk2_no
AIAN-Black,0.16408181382103348,0.042681435,Standardized,26.012288591265108,chk2_no
AIAN-Black-White,0.1516654771028078,0.037665533,Standardized,24.83461186,chk2_no
AIAN-Multiple,0.18352561143320917,0.040781348921457856,Standardized,22.221066914303396,chk2_no
AIAN-White,0.197066527,0.028162867,Standardized,14.29104559554457,chk2_no
Asian Indian,0.099115893,0.01419777,Standardized,14.324413383438387,chk2_no
Asian-Black,0.089319928,0.032709157361236266,Standardized,36.620223573674984,chk2_no
Asian-Multiple,0.23667240743349072,0.066013934,Standardized,27.892534835017663,chk2_no
Asian-NHPI,0.10055468411744037,0.036496596,Standardized,36.29527169176052,chk2_no
Asian-White,0.16828081089326843,0.024034283628716634,Standardized,14.282248523249807,chk2_no
Black,0.10232461270069515,0.006508826,Standardized,6.360957904036524,chk2_no
Black-Multiple,0.079589068,0.030340942575858176,Standardized,38.121997621470484,chk2_no
Black-White,0.19635858435030146,0.03903838,Standardized,19.88116789290319,chk2_no
Chinese,0.12207205779884257,0.010342181,Standardized,8.472193155720433,chk2_no
DK/R,0.15036256974629103,0.013823182432841896,Standardized,9.193233699161937,chk2_no
Filipino,0.10944085760075303,0.012087834,Standardized,11.045083363364357,chk2_no
Hispanic-AIAN,0.17537599551508581,0.013785879,Standardized,7.860756093423402,chk2_no
Hispanic-AIAN-White,0.15825974878498358,0.041258932,Standardized,26.07038896735783,chk2_no
Hispanic-Asian,0.11397423002924846,0.024273795912629525,Standardized,21.297617809219066,chk2_no
Hispanic-Black,0.20957157378598262,0.019548578121829037,Standardized,9.327876757652406,chk2_no
Hispanic-Black-White,0.11051203653348594,0.038393186382510325,Standardized,34.74118076801246,chk2_no
Hispanic-NHPI,0.16447383331771667,0.042751181,Standardized,25.992694367689715,chk2_no
Hispanic-White,0.16931932599516755,0.003807436,Standardized,2.2486719636364674,chk2_no
Japanese,0.15941746408778024,0.026874722862356867,Standardized,16.858079518539327,chk2_no
Korean,0.16760349139485523,0.024962591675966088,Standardized,14.893837513895814,chk2_no
Mexican,0.1609426543371952,0.006504772,Standardized,4.041670685529231,chk2_no
Multiple Hispanic,0.16186292958165704,0.031916125,Standardized,19.71799526784444,chk2_no
NHPI-Multiple,0.10993344931655905,0.037898888,Standardized,34.47439139924318,chk2_no
NHPI-White,0.14181378481566181,0.057632093624036915,Standardized,40.63927473549248,chk2_no
Other Asian,0.1532423888878897,0.02143419,Standardized,13.987115247308488,chk2_no
Other Hispanic,0.14744345442192666,0.011332266471002769,Standardized,7.685838964796744,chk2_no
Other Pacific Islander,0.079350694,0.024480951,Standardized,30.85159064844169,chk2_no
Other Race,0.15609784178853303,0.014685651982802717,Standardized,9.407978876926105,chk2_no
Other Race-White,0.18516704764976016,0.048778984727120306,Standardized,26.343231879672675,chk2_no
Puerto Rican,0.082650305,0.028950935152293605,Standardized,35.02822532351956,chk2_no
Samoan,0.18659900304303603,0.034162113,Standardized,18.307768444378937,chk2_no
Unspecified Asian,0.11516573343263507,0.014842373057218446,Standardized,12.887837913957565,chk2_no
Unspecified NHPI,0.092540411,0.029729867,Standardized,32.12636195533256,chk2_no
Vietnamese,0.11645828780735208,0.016877192073087813,Standardized,14.492048948037468,chk2_no
White,0.16607232976631486,0.002847326,Standardized,1.714509747104577,chk2_no
AIAN,0.1864244220151988,0.019322762,Standardized,10.364930704701889,pcp_no
AIAN-Black,0.1879635097287599,0.041753258,Standardized,22.2134913,pcp_no
AIAN-Black-White,0.15107589152671508,0.034603208,Standardized,22.90452042852277,pcp_no
AIAN-Multiple,0.2092892732830339,0.043704378,Standardized,20.882282942819117,pcp_no
AIAN-White,0.187395499,0.024748129,Standardized,13.206362278615508,pcp_no
Asian Indian,0.1184587062088026,0.011709528616311513,Standardized,9.884903348236454,pcp_no
Asian-Black,0.2500896323359735,0.052188329,Standardized,20.867849893880095,pcp_no
Asian-Multiple,0.22878566538719605,0.055843221,Standardized,24.408531476407024,pcp_no
Asian-NHPI,0.22421441086276858,0.050607710435988905,Standardized,22.57112298948687,pcp_no
Asian-White,0.1784708319388096,0.022364094034922944,Standardized,12.530951860296524,pcp_no
Black,0.1708660808038174,0.007785565,Standardized,4.556530408266099,pcp_no
Black-Multiple,0.1047823970438715,0.026678910161130963,Standardized,25.46125199823471,pcp_no
Black-White,0.21540103698598323,0.034154379,Standardized,15.856181273737995,pcp_no
Chinese,0.14586929446767502,0.009694023,Standardized,6.645691549337772,pcp_no
DK/R,0.23719330057790763,0.017709726975630787,Standardized,7.466368962564318,pcp_no
Filipino,0.14270188259286828,0.012061309348290623,Standardized,8.452102473,pcp_no
Hispanic-AIAN,0.2954816272989203,0.015374871045108292,Standardized,5.203325562287667,pcp_no
Hispanic-AIAN-White,0.2083366923844087,0.043437048,Standardized,20.849447015833388,pcp_no
Hispanic-Asian,0.22170513132308325,0.03054512,Standardized,13.77736248359257,pcp_no
Hispanic-Black,0.3727714254491828,0.021098780658424875,Standardized,5.659977996704342,pcp_no
Hispanic-Black-White,0.46491213269424225,0.079586791,Standardized,17.118673805636103,pcp_no
Hispanic-NHPI,0.2179680274673939,0.049403175,Standardized,22.66533115818167,pcp_no
Hispanic-White,0.29322697888094945,0.004574063,Standardized,1.5599051890668654,pcp_no
Japanese,0.15544346028728848,0.025042495,Standardized,16.110355895705155,pcp_no
Korean,0.2097471664433687,0.028233079826548595,Standardized,13.460529791791714,pcp_no
Mexican,0.32333473512783156,0.008856109,Standardized,2.738990802895903,pcp_no
Multiple Hispanic,0.21487444489052002,0.035732726,Standardized,16.62958408273722,pcp_no
NHPI-Multiple,0.14180932473971272,0.035861466776528884,Standardized,25.288511063959767,pcp_no
NHPI-White,0.087022368,0.033574343,Standardized,38.581279401749384,pcp_no
Other Asian,0.1976178774807803,0.021150640905386396,Standardized,10.70279732532976,pcp_no
Other Hispanic,0.2867205001414877,0.014378563856058492,Standardized,5.0148363472312285,pcp_no
Other Pacific Islander,0.15534362377419336,0.030975816348024297,Standardized,19.940191683084834,pcp_no
Other Race,0.22039235923885736,0.015834021,Standardized,7.184469120602069,pcp_no
Other Race-White,0.17720161846186536,0.042988083038001244,Standardized,24.259418966454017,pcp_no
Puerto Rican,0.18829508326689665,0.047280544041260066,Standardized,25.10981339552176,pcp_no
Samoan,0.21251864120101677,0.037619652,Standardized,17.701812914372997,pcp_no
Unspecified Asian,0.14304916242678126,0.012605153115418917,Standardized,8.811762964,pcp_no
Unspecified NHPI,0.1771861508581139,0.039915705749998795,Standardized,22.527553963267852,pcp_no
Vietnamese,0.1318604047959884,0.020127532800094564,Standardized,15.26427348015157,pcp_no
White,0.1818843218317761,0.002771665,Standardized,1.523861356882762,pcp_no
AIAN,0.048673911,0.011010985212074414,Standardized,22.621944457583812,ins_no
AIAN-Black,0.074518776,0.040682173,Standardized,54.59318456986011,ins_no
AIAN-Black-White,0.09830838,0.04233925,Standardized,43.06779381748149,ins_no
AIAN-Multiple,0.081787661,0.025546234447645998,Standardized,31.23482685759354,ins_no
AIAN-White,0.050966889841812316,0.015207366426197468,Standardized,29.83773676086003,ins_no
Asian Indian,0.041406807842623586,0.012527478039519953,Standardized,30.254633699689215,ins_no
Asian-Black,0.094066929,0.051509363860478906,Standardized,54.75820711007236,ins_no
Asian-Multiple,0.068439646,0.041097356,Standardized,60.04904849489208,ins_no
Asian-NHPI,0.089946103,0.037507656,Standardized,41.70014593011188,ins_no
Asian-White,0.026874013147235518,0.009137261,Standardized,34.00035886345884,ins_no
Black,0.068825521,0.005699389,Standardized,8.280923692,ins_no
Black-Multiple,0.053668062697879736,0.023389618370414277,Standardized,43.582006121749444,ins_no
Black-White,0.076476411,0.021637168111501567,Standardized,28.29260389121137,ins_no
Chinese,0.031715977,0.005254499,Standardized,16.567357457365382,ins_no
DK/R,0.066876626,0.009205772,Standardized,13.765305745534354,ins_no
Filipino,0.067173946,0.008995824,Standardized,13.391835536192534,ins_no
Hispanic-AIAN,0.16539756955390103,0.011542011070639218,Standardized,6.978343818333932,ins_no
Hispanic-AIAN-White,0.090259412,0.026355131,Standardized,29.19931598420528,ins_no
Hispanic-Asian,0.086053022,0.021579282561495362,Standardized,25.076728377689015,ins_no
Hispanic-Black,0.2946975067341089,0.020839115,Standardized,7.071357781210342,ins_no
Hispanic-Black-White,0.20137428872222132,0.0655221,Standardized,32.537470367448556,ins_no
Hispanic-NHPI,0.076372363,0.028255109657866196,Standardized,36.99651119549504,ins_no
Hispanic-White,0.20463796119298724,0.004150253,Standardized,2.0280955926966806,ins_no
Japanese,0.051624446,0.016491511231927356,Standardized,31.94515897645205,ins_no
Korean,0.075849171,0.018213861477035347,Standardized,24.013263844007856,ins_no
Mexican,0.20633654722722086,0.007459542,Standardized,3.615230371847488,ins_no
Multiple Hispanic,0.13830021758752556,0.030957057654174315,Standardized,22.383954410326677,ins_no
NHPI-Multiple,0.064327927,0.028219136306194454,Standardized,43.86762879993795,ins_no
NHPI-White,0.011917940947795408,0.006874066,Standardized,57.67830340957206,ins_no
Other Asian,0.10904117109747034,0.018290682,Standardized,16.774106641510702,ins_no
Other Hispanic,0.17860782494110763,0.012304653031078005,Standardized,6.889201542617307,ins_no
Other Pacific Islander,0.078879817,0.022480255,Standardized,28.49937559964059,ins_no
Other Race,0.079763191,0.009624035,Standardized,12.06575977315522,ins_no
Other Race-White,0.12114860610625534,0.036621315,Standardized,30.22842416089448,ins_no
Puerto Rican,0.046172066028958667,0.01965681,Standardized,42.57294894088229,ins_no
Samoan,0.11890132376453934,0.05034242,Standardized,42.339662778057004,ins_no
Unspecified Asian,0.024226521425124034,0.004642776,Standardized,19.164020827885615,ins_no
Unspecified NHPI,0.066529521,0.034320697744071336,Standardized,51.58717134016464,ins_no
Vietnamese,0.050585971805737526,0.013914024252375227,Standardized,27.50569724311806,ins_no
White,0.049859898,0.001680806,Standardized,3.3710576659803864,ins_no
AIAN,0.042556073,0.009256526,Standardized,21.751364113944035,apcvd
AIAN-Black,0.057521648,0.027007029,Standardized,46.95107043135264,apcvd
AIAN-Black-White,0.023336716,0.011517144498526595,Standardized,49.35203582585534,apcvd
AIAN-Multiple,0.07673486,0.026895447,Standardized,35.04984227526869,apcvd
AIAN-White,0.070792493,0.014384040568732442,Standardized,20.318595831645123,apcvd
Asian Indian,0.037576908602489606,0.011638585923719923,Standardized,30.972707326298853,apcvd
Asian-Black,0.067430221,0.044895132933854054,Standardized,66.58013636695321,apcvd
Asian-Multiple,0,0,Standardized,NA,apcvd
Asian-NHPI,0.031710244,0.017614259121080732,Standardized,55.547535234154445,apcvd
Asian-White,0.028624012997983606,0.019279906122729156,Standardized,67.35570628788952,apcvd
Black,0.030116296,0.003107657,Standardized,10.318856544141994,apcvd
Black-Multiple,0.099002161,0.026441616835240888,Standardized,26.708120832668676,apcvd
Black-White,0.051845121900963534,0.022116319557018742,Standardized,42.658438723060875,apcvd
Chinese,0.015548375,0.004211613,Standardized,27.087156275001867,apcvd
DK/R,0.028317999316245287,0.005149433,Standardized,18.184309150169216,apcvd
Filipino,0.044969191,0.008493556,Standardized,18.88750106198523,apcvd
Hispanic-AIAN,0.036380449119771896,0.006096288,Standardized,16.75704424561277,apcvd
Hispanic-AIAN-White,0.017706222084630206,0.009454349,Standardized,53.39563264285735,apcvd
Hispanic-Asian,0.040403253,0.019161342641251935,Standardized,47.42524708689106,apcvd
Hispanic-Black,0.033032148,0.008836292,Standardized,26.750583879770595,apcvd
Hispanic-Black-White,0.068647831,0.045265597,Standardized,65.93886071427539,apcvd
Hispanic-NHPI,0.061635646,0.031126521984183086,Standardized,50.500844741805025,apcvd
Hispanic-White,0.028543449078193783,0.002220385,Standardized,7.7789655955190575,apcvd
Japanese,0.023660593171073184,0.008565939,Standardized,36.20340131221037,apcvd
Korean,0.006828498,0.004099245,Standardized,60.03142322,apcvd
Mexican,0.020772528079405408,0.002578224,Standardized,12.411701081631586,apcvd
Multiple Hispanic,0.067899783,0.036917765,Standardized,54.37096209833913,apcvd
NHPI-Multiple,0.021858447626549024,0.014968938172665602,Standardized,68.48125003389765,apcvd
NHPI-White,0.009909367,0.011246644,Standardized,113.49508129840218,apcvd
Other Asian,0.03235635,0.009941787,Standardized,30.72592317864296,apcvd
Other Hispanic,0.026603215998887344,0.005896156,Standardized,22.1633202,apcvd
Other Pacific Islander,0.068437151,0.02979408,Standardized,43.53494978,apcvd
Other Race,0.035649650837536524,0.006962154,Standardized,19.529373974501414,apcvd
Other Race-White,0.056937855,0.031301036,Standardized,54.974034895556635,apcvd
Puerto Rican,0.017531254147137715,0.012046903,Standardized,68.71672232,apcvd
Samoan,0.036211413965563925,0.023004183384086968,Standardized,63.52743752553636,apcvd
Unspecified Asian,0.020640413269494496,0.008396501,Standardized,40.679908906373036,apcvd
Unspecified NHPI,0.065380325,0.029221599,Standardized,44.69479065468467,apcvd
Vietnamese,0.018751549228007112,0.008850813,Standardized,47.20043859493786,apcvd
White,0.035806828,0.00117529,Standardized,3.2823076478133157,apcvd
AIAN,0.058884858,0.010493114109634877,Standardized,17.81971550282314,mi
AIAN-Black,0.097494396,0.038922579,Standardized,39.92288838249951,mi
AIAN-Black-White,0.012601369,0.010025767316489199,Standardized,79.56093629,mi
AIAN-Multiple,0.068265777,0.025207519,Standardized,36.925557973011855,mi
AIAN-White,0.054286341,0.010732263688455063,Standardized,19.769731295729706,mi
Asian Indian,0.038032895,0.011671090775856909,Standardized,30.68683260879807,mi
Asian-Black,0.001982277,0.001983581,Standardized,100.06580123408159,mi
Asian-Multiple,0.076527175,0.048693918255848866,Standardized,63.62957765866978,mi
Asian-NHPI,0.037118756208630775,0.021827851,Standardized,58.80544698,mi
Asian-White,0.020326440400221545,0.013135349444490567,Standardized,64.62198587583195,mi
Black,0.030688498,0.003238301,Standardized,10.552164134864567,mi
Black-Multiple,0.12055664116648002,0.034150822,Standardized,28.327615845109445,mi
Black-White,0.058590293,0.024881059971720736,Standardized,42.466181151353624,mi
Chinese,0.016724445,0.005232314,Standardized,31.285428405206616,mi
DK/R,0.024714174233517287,0.005235952,Standardized,21.18602890845917,mi
Filipino,0.045143915,0.009532316,Standardized,21.115394197777846,mi
Hispanic-AIAN,0.04921622,0.006837933,Standardized,13.89365758685154,mi
Hispanic-AIAN-White,0.039894104,0.020611172136462165,Standardized,51.664706907959655,mi
Hispanic-Asian,0.076823535,0.03085623,Standardized,40.16507506065971,mi
Hispanic-Black,0.035680700403216276,0.010646191854743666,Standardized,29.837395943561727,mi
Hispanic-Black-White,0.068647831,0.045265597,Standardized,65.93886071427539,mi
Hispanic-NHPI,0.014277156858919076,0.014138735903988646,Standardized,99.03047254927401,mi
Hispanic-White,0.03489731,0.002246649,Standardized,6.437887200009183,mi
Japanese,0.016168627998965315,0.007615604,Standardized,47.101113070990635,mi
Korean,0.010108354064399054,0.004553368,Standardized,45.04558813923779,mi
Mexican,0.031345238,0.003422494,Standardized,10.918705349464096,mi
Multiple Hispanic,0.084697785,0.038912416,Standardized,45.94266121050401,mi
NHPI-Multiple,0.022350058,0.015283473446537826,Standardized,68.38225355422742,mi
NHPI-White,0.009909367,0.011246644,Standardized,113.49508129840218,mi
Other Asian,0.035915523833866744,0.00935254,Standardized,26.04038221185036,mi
Other Hispanic,0.041649688,0.00817741,Standardized,19.633784974590434,mi
Other Pacific Islander,0.057667711896454164,0.026390951544361215,Standardized,45.76382637089495,mi
Other Race,0.025586441,0.005439623,Standardized,21.25978881914968,mi
Other Race-White,0,0,Standardized,NA,mi
Puerto Rican,0.017851242389356557,0.012351847787780083,Standardized,69.19321086102457,mi
Samoan,0.04434137,0.024477723,Standardized,55.202900560786674,mi
Unspecified Asian,0.004165378,0.001986638,Standardized,47.69406631421828,mi
Unspecified NHPI,0.045212507,0.024340973,Standardized,53.83681261244592,mi
Vietnamese,0.032984337,0.012622909280866717,Standardized,38.26940437552399,mi
White,0.03420021,0.001113427,Standardized,3.2556131121488976,mi
AIAN,0.16422276396290955,0.020551719437431632,Standardized,12.514537535169806,dm
AIAN-Black,0.1831359841948046,0.045994123,Standardized,25.11473845,dm
AIAN-Black-White,0.1335661938361601,0.048065234826506126,Standardized,35.986078098074486,dm
AIAN-Multiple,0.15489076762935663,0.040415898685485854,Standardized,26.093161848224828,dm
AIAN-White,0.14594655959649722,0.022861537470657948,Standardized,15.664320922578728,dm
Asian Indian,0.14404281214528636,0.017644476383347776,Standardized,12.249466752670013,dm
Asian-Black,0.031186084818501037,0.023108725,Standardized,74.09947372490954,dm
Asian-Multiple,0.11814523941248824,0.038201341915556374,Standardized,32.33422024071704,dm
Asian-NHPI,0.083024733,0.034520577,Standardized,41.578666271458175,dm
Asian-White,0.062011354,0.018652575775618116,Standardized,30.079291221973854,dm
Black,0.146260988,0.00746295,Standardized,5.102488512453135,dm
Black-Multiple,0.13325163201758183,0.050350205,Standardized,37.785807289726485,dm
Black-White,0.082655387,0.028873854901511387,Standardized,34.93281665405855,dm
Chinese,0.075298255,0.00966005,Standardized,12.829048904236357,dm
DK/R,0.099862228,0.013650685408134529,Standardized,13.669518201075729,dm
Filipino,0.16900592865579614,0.013444549580991493,Standardized,7.955075711,dm
Hispanic-AIAN,0.15315111152952476,0.012032732209478847,Standardized,7.856771060495473,dm
Hispanic-AIAN-White,0.1136244984006706,0.030880012476450523,Standardized,27.177248666532527,dm
Hispanic-Asian,0.17905973519054896,0.042799503,Standardized,23.902360013971975,dm
Hispanic-Black,0.17438945407165268,0.020449234688304244,Standardized,11.726187685582246,dm
Hispanic-Black-White,0.23526287326373432,0.068709265,Standardized,29.205315738519893,dm
Hispanic-NHPI,0.27749814386471106,0.057653828,Standardized,20.776293365116263,dm
Hispanic-White,0.1630562003892585,0.00418895,Standardized,2.569022017191636,dm
Japanese,0.1101940304565872,0.018458724763341268,Standardized,16.75111136860848,dm
Korean,0.082666422,0.024450276784774815,Standardized,29.577035092881825,dm
Mexican,0.190437568,0.007946709,Standardized,4.172868294155892,dm
Multiple Hispanic,0.11818382498903043,0.028618382379206147,Standardized,24.21514313135697,dm
NHPI-Multiple,0.1371953689126232,0.033039462747850086,Standardized,24.082053942281544,dm
NHPI-White,0.084051842,0.038968363918122736,Standardized,46.36229618,dm
Other Asian,0.10488199538566395,0.018351090371563548,Standardized,17.496892869061405,dm
Other Hispanic,0.1501997189085613,0.014298072803416051,Standardized,9.519373875872859,dm
Other Pacific Islander,0.2659456615610936,0.052491264,Standardized,19.737589874068835,dm
Other Race,0.1144279942033426,0.013727370766076863,Standardized,11.99651436840083,dm
Other Race-White,0.10226884211629798,0.033704945,Standardized,32.95719787873364,dm
Puerto Rican,0.083212923,0.036020242,Standardized,43.286836900127355,dm
Samoan,0.097750087,0.04969713,Standardized,50.84100869356877,dm
Unspecified Asian,0.1247064304315087,0.017845931823841824,Standardized,14.310354134980372,dm
Unspecified NHPI,0.2410117362740501,0.048152276,Standardized,19.97922435336422,dm
Vietnamese,0.063788173,0.018755409,Standardized,29.402642603741054,dm
White,0.074378557,0.001649201,Standardized,2.217307541,dm
AIAN,0.027851193851482537,0.006942633,Standardized,24.92759534047183,ckd
AIAN-Black,0.014793819067597637,0.011152368407644195,Standardized,75.38532380777066,ckd
AIAN-Black-White,0.005026146,0.005041916,Standardized,100.31376212745975,ckd
AIAN-Multiple,0.0522813,0.023645499,Standardized,45.227451321238945,ckd
AIAN-White,0.056860807,0.015058049,Standardized,26.482299135816817,ckd
Asian Indian,0.012604639,0.004053389,Standardized,32.15791314923162,ckd
Asian-Black,0.004841121,0.005224714,Standardized,107.92363356459825,ckd
Asian-Multiple,0.088153259,0.04820679,Standardized,54.68520462141374,ckd
Asian-NHPI,0.029007718757668968,0.016506845336249906,Standardized,56.90501026346955,ckd
Asian-White,0.029529113091461633,0.015105386741899395,Standardized,51.15421751785403,ckd
Black,0.031912569361918657,0.003467146,Standardized,10.86451511372742,ckd
Black-Multiple,0.014748994852873586,0.011548585790790456,Standardized,78.30083274142858,ckd
Black-White,0.027010132771114023,0.012939492087333321,Standardized,47.90606620479651,ckd
Chinese,0.017568343,0.005671721,Standardized,32.28375537840688,ckd
DK/R,0.031829090648871315,0.006120041,Standardized,19.227821380383663,ckd
Filipino,0.036867294,0.007374627,Standardized,20.00316797579772,ckd
Hispanic-AIAN,0.035701628169320494,0.007060575,Standardized,19.776620429367263,ckd
Hispanic-AIAN-White,0.029763477147657355,0.017805163760210973,Standardized,59.82218969873415,ckd
Hispanic-Asian,0.026035242428434306,0.014012380434365635,Standardized,53.820817965812594,ckd
Hispanic-Black,0.03367288,0.009178991,Standardized,27.259298939620596,ckd
Hispanic-Black-White,0.031774273,0.027104805544757755,Standardized,85.30425070640449,ckd
Hispanic-NHPI,0.084065731,0.036263413,Standardized,43.136974227611034,ckd
Hispanic-White,0.032073840754758436,0.001995868,Standardized,6.222729622940707,ckd
Japanese,0.046880532160706846,0.016575828313756105,Standardized,35.35759418629044,ckd
Korean,0.039508976,0.019464764248591337,Standardized,49.266688371799475,ckd
Mexican,0.034556775,0.004224266,Standardized,12.224132050940732,ckd
Multiple Hispanic,9.6549573640355e-4,9.984896393885544e-4,Standardized,103.41730177990283,ckd
NHPI-Multiple,0.11791157765131036,0.045580674,Standardized,38.65665659569421,ckd
NHPI-White,0.027808586,0.027433804198123843,Standardized,98.65228115361037,ckd
Other Asian,0.021633531143389277,0.007538341,Standardized,34.84563449403409,ckd
Other Hispanic,0.017584535,0.003893433,Standardized,22.141234353129253,ckd
Other Pacific Islander,0.030953854116882427,0.01659419,Standardized,53.60944539499353,ckd
Other Race,0.027279389244951796,0.006308586,Standardized,23.125834779719177,ckd
Other Race-White,0.047826875,0.023180031,Standardized,48.46653831185511,ckd
Puerto Rican,0.06354916,0.033151878,Standardized,52.16729496253579,ckd
Samoan,0.013051998,0.013171534,Standardized,100.91584543616352,ckd
Unspecified Asian,0.025536662,0.007215578,Standardized,28.25575962323739,ckd
Unspecified NHPI,0.020369291,0.012983668409442897,Standardized,63.74138623714004,ckd
Vietnamese,0.005086576,0.004602054,Standardized,90.47449236191507,ckd
White,0.027656821058328455,0.001022488,Standardized,3.6970539147474066,ckd
AIAN,0.2285749358077574,0.021615095,Standardized,9.456459042093767,ast_lt
AIAN-Black,0.3274443454808784,0.053979802,Standardized,16.485183612433747,ast_lt
AIAN-Black-White,0.1901854866806184,0.046086583048552454,Standardized,24.232439526758633,ast_lt
AIAN-Multiple,0.2563544065982909,0.041934817978010526,Standardized,16.35814204813833,ast_lt
AIAN-White,0.23585945049344223,0.02705606,Standardized,11.471263980049441,ast_lt
Asian Indian,0.083873539,0.015265853436688568,Standardized,18.201036540286825,ast_lt
Asian-Black,0.18980294997495226,0.067763786,Standardized,35.702177487125894,ast_lt
Asian-Multiple,0.084926233,0.035439444,Standardized,41.729678098357176,ast_lt
Asian-NHPI,0.22000012293486107,0.058648803015812705,Standardized,26.658531928719782,ast_lt
Asian-White,0.17504090743537615,0.025347010677403293,Standardized,14.480621158091989,ast_lt
Black,0.20493761505707836,0.008854319,Standardized,4.320494941,ast_lt
Black-Multiple,0.15165659661648964,0.041612919,Standardized,27.43891100147679,ast_lt
Black-White,0.2748748757943615,0.045035122,Standardized,16.383862702661908,ast_lt
Chinese,0.090655171,0.010641752,Standardized,11.738715012075291,ast_lt
DK/R,0.13210706486020365,0.012346426222292234,Standardized,9.345772866392334,ast_lt
Filipino,0.17038314227871193,0.014846032456845595,Standardized,8.713322373501322,ast_lt
Hispanic-AIAN,0.15945442841971544,0.014143171608924273,Standardized,8.869726447293557,ast_lt
Hispanic-AIAN-White,0.18456907458719934,0.041738462,Standardized,22.614006130864233,ast_lt
Hispanic-Asian,0.13325385735003972,0.02749426,Standardized,20.63299406483808,ast_lt
Hispanic-Black,0.12437009918761734,0.017358199734898088,Standardized,13.956891445999847,ast_lt
Hispanic-Black-White,0.12840383815295375,0.045826617552812976,Standardized,35.68944527828259,ast_lt
Hispanic-NHPI,0.16916696889539068,0.04452612,Standardized,26.320812325802272,ast_lt
Hispanic-White,0.10471659359002143,0.003222405,Standardized,3.077263283477958,ast_lt
Japanese,0.10244900374168148,0.019684356856613384,Standardized,19.21380993244816,ast_lt
Korean,0.091132837,0.022829434852898137,Standardized,25.05072334683923,ast_lt
Mexican,0.098884291,0.005903346,Standardized,5.969953421914622,ast_lt
Multiple Hispanic,0.084804949,0.021618401,Standardized,25.491909581461876,ast_lt
NHPI-Multiple,0.2425667053576223,0.047688091,Standardized,19.65978424217671,ast_lt
NHPI-White,0.27917719336612257,0.060406099,Standardized,21.637189664479582,ast_lt
Other Asian,0.066842631,0.012732681833621017,Standardized,19.048744335513394,ast_lt
Other Hispanic,0.11565093736633555,0.010934693169440112,Standardized,9.454910974740665,ast_lt
Other Pacific Islander,0.10378274866147545,0.029827181473466628,Standardized,28.740018797111116,ast_lt
Other Race,0.16337575565721774,0.014626791,Standardized,8.952852684537637,ast_lt
Other Race-White,0.18323385823706323,0.041941863,Standardized,22.889799865210712,ast_lt
Puerto Rican,0.1288593521671179,0.039645594,Standardized,30.766563210570858,ast_lt
Samoan,0.14434405867207625,0.052157899,Standardized,36.134427672223104,ast_lt
Unspecified Asian,0.11529925532710245,0.015697399172790987,Standardized,13.614484437265162,ast_lt
Unspecified NHPI,0.16700126926806824,0.037781985,Standardized,22.62377142125014,ast_lt
Vietnamese,0.09472285,0.018357122626973168,Standardized,19.379825078854683,ast_lt
White,0.16283584258713113,0.002704428,Standardized,1.6608310134015078,ast_lt
AIAN,0.1632733466922046,0.019301167,Standardized,11.821382890827437,ast_now
AIAN-Black,0.2228753580596246,0.045748308,Standardized,20.526409372430514,ast_now
AIAN-Black-White,0.11761249633809642,0.037549581,Standardized,31.92652326,ast_now
AIAN-Multiple,0.18502289573772518,0.036150033978495665,Standardized,19.53814085243768,ast_now
AIAN-White,0.1333684166179005,0.021621319443642997,Standardized,16.211723878816013,ast_now
Asian Indian,0.055062934266226646,0.013881963320831851,Standardized,25.211085289630997,ast_now
Asian-Black,0.11979324294974658,0.053350374431155444,Standardized,44.53537872210037,ast_now
Asian-Multiple,0.037012151,0.020706579,Standardized,55.94535349601467,ast_now
Asian-NHPI,0.13626069348528944,0.047342854637396174,Standardized,34.74432239148061,ast_now
Asian-White,0.062905026,0.013626215863262294,Standardized,21.66156952133967,ast_now
Black,0.12989130971402627,0.007172184,Standardized,5.521681205040072,ast_now
Black-Multiple,0.071601793,0.034258109,Standardized,47.845322318835976,ast_now
Black-White,0.18047263308505487,0.039534134,Standardized,21.905888407717516,ast_now
Chinese,0.048766885,0.009197423,Standardized,18.85997642257732,ast_now
DK/R,0.070626064,0.009170023,Standardized,12.983907053058513,ast_now
Filipino,0.09417782,0.011760533163871103,Standardized,12.48758272625967,ast_now
Hispanic-AIAN,0.09884012,0.011487019147632423,Standardized,11.621818276749856,ast_now
Hispanic-AIAN-White,0.098072552,0.030052771102205802,Standardized,30.643406728832172,ast_now
Hispanic-Asian,0.091465494,0.023962523758445563,Standardized,26.198430349819585,ast_now
Hispanic-Black,0.076112537,0.014316574264365662,Standardized,18.80974507756751,ast_now
Hispanic-Black-White,0.11528286005892044,0.045435856,Standardized,39.41249918,ast_now
Hispanic-NHPI,0.13224993596755044,0.038647939173121995,Standardized,29.223408609139035,ast_now
Hispanic-White,0.063034416,0.002552244,Standardized,4.048969284306386,ast_now
Japanese,0.051414875642267946,0.013898232477052849,Standardized,27.03153961463085,ast_now
Korean,0.031095509,0.014387692,Standardized,46.26935662177585,ast_now
Mexican,0.056073266,0.004366491,Standardized,7.787116974543993,ast_now
Multiple Hispanic,0.050156052,0.015834867676551474,Standardized,31.57120029503317,ast_now
NHPI-Multiple,0.09148449,0.036279968620452456,Standardized,39.65696121534323,ast_now
NHPI-White,0.11712843257243026,0.050351089,Standardized,42.98793002978637,ast_now
Other Asian,0.036705411,0.008835117,Standardized,24.070339072964337,ast_now
Other Hispanic,0.057612598,0.007541524,Standardized,13.090060993641577,ast_now
Other Pacific Islander,0.03868621,0.016676221,Standardized,43.10637118084708,ast_now
Other Race,0.088498183,0.011175266942211664,Standardized,12.627679536568632,ast_now
Other Race-White,0.13049682559660775,0.039192432514764314,Standardized,30.033245893594458,ast_now
Puerto Rican,0.091956781,0.036390865,Standardized,39.57387854016078,ast_now
Samoan,0.083241705,0.042957951328793216,Standardized,51.60628491,ast_now
Unspecified Asian,0.057027756,0.012309851,Standardized,21.585719100372557,ast_now
Unspecified NHPI,0.11343819984832348,0.030501461695615194,Standardized,26.888175003127905,ast_now
Vietnamese,0.059283033,0.016090994956104044,Standardized,27.14266467592843,ast_now
White,0.097260536,0.002178182,Standardized,2.239533496763455,ast_now
AIAN,0.071055783,0.011313780972358552,Standardized,15.922392903046035,copd
AIAN-Black,0.1379528182672757,0.030328825856908263,Standardized,21.984926613204735,copd
AIAN-Black-White,0.042249243,0.016233426614801493,Standardized,38.423000058613745,copd
AIAN-Multiple,0.1628298137543095,0.037797812,Standardized,23.213077911968774,copd
AIAN-White,0.098444035,0.015451537465180971,Standardized,15.695757983247226,copd
Asian Indian,0.019431159297930486,0.005550591,Standardized,28.565413728279694,copd
Asian-Black,0.073516866,0.045215809657597174,Standardized,61.503994797380734,copd
Asian-Multiple,0.025549705,0.019111095,Standardized,74.79966857766908,copd
Asian-NHPI,0.003728101,0.003807193,Standardized,102.12151312569266,copd
Asian-White,0.032548235,0.019539096495869178,Standardized,60.03120205792344,copd
Black,0.056348942276055136,0.004453027,Standardized,7.902591419402814,copd
Black-Multiple,0.052308772029133616,0.029638318719735587,Standardized,56.66032210281745,copd
Black-White,0.095215259,0.030592313379134484,Standardized,32.129633008575695,copd
Chinese,0.019422673358108204,0.005458999,Standardized,28.106320972017823,copd
DK/R,0.04761094,0.007419807,Standardized,15.584247424767602,copd
Filipino,0.028160124,0.007929695,Standardized,28.159303896543484,copd
Hispanic-AIAN,0.046344024989516744,0.007765078,Standardized,16.755295643369855,copd
Hispanic-AIAN-White,0.073188504,0.025628773,Standardized,35.017484608630255,copd
Hispanic-Asian,0.045615673,0.015499123416993004,Standardized,33.97762768,copd
Hispanic-Black,0.031311759,0.007824138,Standardized,24.987858403642374,copd
Hispanic-Black-White,0.054889122,0.029945502729103162,Standardized,54.55635259517179,copd
Hispanic-NHPI,0.097471884,0.039815696,Standardized,40.84839096308697,copd
Hispanic-White,0.040847608,0.002580319,Standardized,6.316939906937959,copd
Japanese,0.021081372,0.008643994,Standardized,41.00299484406133,copd
Korean,0.024210393421314886,0.014844062,Standardized,61.312765073169174,copd
Mexican,0.033035092,0.003886969,Standardized,11.766182670834231,copd
Multiple Hispanic,0.029112493865135047,0.010965319797816524,Standardized,37.66534000355266,copd
NHPI-Multiple,0.057440813840680234,0.024701396,Standardized,43.00321448,copd
NHPI-White,0.068902379,0.040444924,Standardized,58.69887853986059,copd
Other Asian,0.030552188,0.010504698,Standardized,34.382800219026606,copd
Other Hispanic,0.029529736675866912,0.005581863,Standardized,18.902513718348644,copd
Other Pacific Islander,0.022601999,0.011229648675615638,Standardized,49.68431597863061,copd
Other Race,0.064268845,0.010384236273519068,Standardized,16.15749624933217,copd
Other Race-White,0.13933896176977537,0.044128283,Standardized,31.66973697862236,copd
Puerto Rican,0.056783841,0.024023182199376342,Standardized,42.306370580702115,copd
Samoan,0.10345863343111156,0.048409707,Standardized,46.79136476722386,copd
Unspecified Asian,0.026098807,0.008515768,Standardized,32.62895304399906,copd
Unspecified NHPI,0.063742619,0.027657774,Standardized,43.389766803256464,copd
Vietnamese,0.031270295228381505,0.012054039,Standardized,38.54788918735961,copd
White,0.055975935433646165,0.001455648,Standardized,2.600488196992459,copd
AIAN,0.031093038392714836,0.008601529,Standardized,27.66384341456018,bcc
AIAN-Black,0.00333723,0.003362386,Standardized,100.75381799932153,bcc
AIAN-Black-White,0.055548531511281196,0.037221402422655925,Standardized,67.00699624273008,bcc
AIAN-Multiple,0.029530155527703335,0.015113850159658744,Standardized,51.18107199090056,bcc
AIAN-White,0.086375006,0.014935335617699474,Standardized,17.29127014120968,bcc
Asian Indian,0.004986646,0.002883989,Standardized,57.83423455990408,bcc
Asian-Black,0,0,Standardized,NA,bcc
Asian-Multiple,0.078197694,0.036513391779541216,Standardized,46.69369405873757,bcc
Asian-NHPI,0.005024791,0.005092514,Standardized,101.34778615695154,bcc
Asian-White,0.053378403,0.021871763544953886,Standardized,40.974930196757924,bcc
Black,0.005862526,0.001688006,Standardized,28.793152574930662,bcc
Black-Multiple,0,0,Standardized,NA,bcc
Black-White,0.04410787,0.028794412756461534,Standardized,65.28180218986218,bcc
Chinese,0.001590768,9.34528093949776e-4,Standardized,58.74696169459671,bcc
DK/R,0.067666383,0.010517097443493287,Standardized,15.542573683859137,bcc
Filipino,0.005570338,0.002660242,Standardized,47.75727382723506,bcc
Hispanic-AIAN,0.006800686,0.002347868,Standardized,34.523993743958044,bcc
Hispanic-AIAN-White,0.048520991867109835,0.029083215891132025,Standardized,59.93945047699284,bcc
Hispanic-Asian,0.014868490725807232,0.008481823,Standardized,57.04562037,bcc
Hispanic-Black,0.028501267946487815,0.011743838,Standardized,41.204614729083914,bcc
Hispanic-Black-White,0.078273423,0.04642922,Standardized,59.31671042104265,bcc
Hispanic-NHPI,0,0,Standardized,NA,bcc
Hispanic-White,0.016728769425255207,0.0017712,Standardized,10.587745840030685,bcc
Japanese,0.027405566930421822,0.013655803350687562,Standardized,49.82857455697734,bcc
Korean,0,0,Standardized,NA,bcc
Mexican,0.008320293,0.001669179,Standardized,20.061538771862498,bcc
Multiple Hispanic,0.016713303972379145,0.009633759,Standardized,57.64126027121059,bcc
NHPI-Multiple,0.082343011,0.036527368971083544,Standardized,44.360011197072936,bcc
NHPI-White,0.031463302,0.027710747775872825,Standardized,88.07323326027068,bcc
Other Asian,0.004948346,0.003567868,Standardized,72.10223093727855,bcc
Other Hispanic,0.008736963,0.003656623,Standardized,41.85233683705976,bcc
Other Pacific Islander,0,0,Standardized,NA,bcc
Other Race,0.041693612136186844,0.006788414,Standardized,16.281664811345635,bcc
Other Race-White,0.073723859,0.027711687769643313,Standardized,37.58849340704979,bcc
Puerto Rican,0,0,Standardized,NA,bcc
Samoan,0,0,Standardized,NA,bcc
Unspecified Asian,0.011143242158713167,0.007246594,Standardized,65.03129051,bcc
Unspecified NHPI,0.024551732,0.012696241425948667,Standardized,51.71220222853379,bcc
Vietnamese,0,0,Standardized,NA,bcc
White,0.097039969,0.00189989,Standardized,1.957842434943679,bcc
AIAN,0.7264884674305361,0.022538226642284227,Standardized,3.1023516067637016,ovwob
AIAN-Black,0.6322450971225658,0.059327849,Standardized,9.383678713,ovwob
AIAN-Black-White,0.749340949,0.054600682,Standardized,7.286493801,ovwob
AIAN-Multiple,0.6266594770561124,0.053615978,Standardized,8.555839375,ovwob
AIAN-White,0.6841881153587459,0.030128871,Standardized,4.403594676048747,ovwob
Asian Indian,0.47215459358665796,0.024702083,Standardized,5.231778681456822,ovwob
Asian-Black,0.6867901090224667,0.067382369,Standardized,9.811202652255284,ovwob
Asian-Multiple,0.7075469782666081,0.04654157,Standardized,6.577876979959267,ovwob
Asian-NHPI,0.5021872890421382,0.062940261,Standardized,12.533224706928383,ovwob
Asian-White,0.5797683890696549,0.038993650778179456,Standardized,6.725729017539564,ovwob
Black,0.7429458134672478,0.008679893,Standardized,1.1683077387606149,ovwob
Black-Multiple,0.813735947,0.037639677570921966,Standardized,4.625539491241009,ovwob
Black-White,0.7182561337448934,0.038253674,Standardized,5.325909784809583,ovwob
Chinese,0.38412948038817607,0.016670515523815203,Standardized,4.339816747980153,ovwob
DK/R,0.6217019346234922,0.020631555775376575,Standardized,3.3185606520383786,ovwob
Filipino,0.5723801168405461,0.018121841,Standardized,3.1660501323603962,ovwob
Hispanic-AIAN,0.7559614427867035,0.015098586508348765,Standardized,1.9972693915037236,ovwob
Hispanic-AIAN-White,0.7067290506798559,0.048881419,Standardized,6.916571384186835,ovwob
Hispanic-Asian,0.6450075494675209,0.040598469,Standardized,6.2942625589790495,ovwob
Hispanic-Black,0.7764216980819179,0.019299422365739234,Standardized,2.485688178655591,ovwob
Hispanic-Black-White,0.692116487,0.054738424,Standardized,7.908845603777673,ovwob
Hispanic-NHPI,0.8396709070514627,0.043378231,Standardized,5.166099025,ovwob
Hispanic-White,0.7570854935826348,0.004503346,Standardized,0.5948265588999438,ovwob
Japanese,0.5365475394157457,0.032450665,Standardized,6.048050245487595,ovwob
Korean,0.4294148988974695,0.038409009,Standardized,8.944498551814329,ovwob
Mexican,0.7918994300054909,0.007388937,Standardized,0.9330651173743053,ovwob
Multiple Hispanic,0.698656136,0.049298217,Standardized,7.056148806707858,ovwob
NHPI-Multiple,0.6348124776234968,0.067957472,Standardized,10.705125497015734,ovwob
NHPI-White,0.6423931571091089,0.07298214,Standardized,11.36097712666496,ovwob
Other Asian,0.49778084423024527,0.026151540865707736,Standardized,5.253625399375857,ovwob
Other Hispanic,0.7610001797513469,0.015243374548984816,Standardized,2.0030710838945547,ovwob
Other Pacific Islander,0.7500630933116559,0.039639253,Standardized,5.284789193724179,ovwob
Other Race,0.6307169219764406,0.018919907,Standardized,2.999746143782244,ovwob
Other Race-White,0.6272998299684119,0.054143287,Standardized,8.631165537401262,ovwob
Puerto Rican,0.6527881153992798,0.059507354,Standardized,9.115875793,ovwob
Samoan,0.7556000098899089,0.05395069,Standardized,7.140112459282978,ovwob
Unspecified Asian,0.4117619675303479,0.023422059,Standardized,5.688252258463054,ovwob
Unspecified NHPI,0.6713699726008163,0.055304448,Standardized,8.237551685237458,ovwob
Vietnamese,0.2931958226843408,0.031145369575797457,Standardized,10.622719413478496,ovwob
White,0.6110900661018328,0.003417465,Standardized,0.5592407417807986,ovwob
AIAN,0.1901007401359109,0.019801716914012887,Standardized,10.416433360467622,mdd
AIAN-Black,0.3594389389669754,0.057151994937498264,Standardized,15.90033486682123,mdd
AIAN-Black-White,0.24011331543765904,0.045008853,Standardized,18.744838307450742,mdd
AIAN-Multiple,0.20363483557240825,0.041243037654532036,Standardized,20.253429399051363,mdd
AIAN-White,0.27632016078216926,0.025585334576444064,Standardized,9.259307936134881,mdd
Asian Indian,0.039939114,0.00747704,Standardized,18.721097188860277,mdd
Asian-Black,0.28683789614258387,0.071681169,Standardized,24.990132121571598,mdd
Asian-Multiple,0.20985071616485954,0.043487287035727185,Standardized,20.722963366759924,mdd
Asian-NHPI,0.16021973344450266,0.049390325,Standardized,30.826618155899553,mdd
Asian-White,0.17065508164528922,0.027319494577113506,Standardized,16.008603033513964,mdd
Black,0.1686751669879893,0.00790382,Standardized,4.685823338087487,mdd
Black-Multiple,0.2023791749415469,0.056272752,Standardized,27.805604143492857,mdd
Black-White,0.21839671012592002,0.044119075,Standardized,20.201346046236633,mdd
Chinese,0.060065073,0.009032437,Standardized,15.037752019540513,mdd
DK/R,0.1500576735904984,0.015469704702416678,Standardized,10.30917268825112,mdd
Filipino,0.08240452,0.010224715,Standardized,12.407953769098622,mdd
Hispanic-AIAN,0.1697197425210042,0.013278803893619809,Standardized,7.823959485430193,mdd
Hispanic-AIAN-White,0.3280753945236333,0.049455654,Standardized,15.074478373726519,mdd
Hispanic-Asian,0.1717070737156066,0.034678692,Standardized,20.196426116141435,mdd
Hispanic-Black,0.1527564217996193,0.018199382060406565,Standardized,11.91398819506253,mdd
Hispanic-Black-White,0.32036497500944483,0.086380598,Standardized,26.963184197446605,mdd
Hispanic-NHPI,0.20993606716654462,0.056078482,Standardized,26.712171213638815,mdd
Hispanic-White,0.12755349408904204,0.003584187,Standardized,2.8099480711831846,mdd
Japanese,0.097350979,0.021731034336459613,Standardized,22.322358397652135,mdd
Korean,0.088570376,0.021335064995597987,Standardized,24.08826290827942,mdd
Mexican,0.12646718808217638,0.006483472,Standardized,5.126604029030019,mdd
Multiple Hispanic,0.11055392851864052,0.026554140121183695,Standardized,24.019173698297294,mdd
NHPI-Multiple,0.10194918151767356,0.029211601,Standardized,28.653100536659355,mdd
NHPI-White,0.314209671,0.051567094,Standardized,16.411682736677015,mdd
Other Asian,0.071152622,0.013467093203676644,Standardized,18.927051219360177,mdd
Other Hispanic,0.12056046320484373,0.013329642,Standardized,11.056396220725318,mdd
Other Pacific Islander,0.048839996879925685,0.017765911,Standardized,36.375740922671966,mdd
Other Race,0.1640996426450857,0.014474809563824013,Standardized,8.820744110412292,mdd
Other Race-White,0.25407168357501875,0.045488879,Standardized,17.90395482031457,mdd
Puerto Rican,0.098414586,0.033070216,Standardized,33.60296196434454,mdd
Samoan,0.15042943982446041,0.051651399,Standardized,34.335964324706104,mdd
Unspecified Asian,0.08509856,0.013651766174300228,Standardized,16.042299951246058,mdd
Unspecified NHPI,0.086212971,0.037538814,Standardized,43.54195601627116,mdd
Vietnamese,0.076727968,0.016872757241979657,Standardized,21.990361245609794,mdd
White,0.19616961205649072,0.002836459,Standardized,1.4459217376724967,mdd
AIAN,0.26608463447374114,0.024891521571551938,Standardized,9.354738435303519,fphs
AIAN-Black,0.39228864067465463,0.066215466,Standardized,16.879271887756182,fphs
AIAN-Black-White,0.16434619177820128,0.042603875,Standardized,25.923250528801805,fphs
AIAN-Multiple,0.3042045844008507,0.052389433,Standardized,17.22177631570884,fphs
AIAN-White,0.23476900692188182,0.025627306856809952,Standardized,10.915966801928546,fphs
Asian Indian,0.076560988,0.012819778032452654,Standardized,16.74453049125271,fphs
Asian-Black,0.11988603141137547,0.055315371,Standardized,46.13996365084868,fphs
Asian-Multiple,0.14034969388663313,0.054263783,Standardized,38.663271700743344,fphs
Asian-NHPI,0.082256994,0.031068284,Standardized,37.769778330684375,fphs
Asian-White,0.11135833853586016,0.027363185602834385,Standardized,24.572192763115584,fphs
Black,0.19068517084141617,0.008031962,Standardized,4.212158550705956,fphs
Black-Multiple,0.180259502,0.060413537,Standardized,33.51475854971866,fphs
Black-White,0.11629411913867384,0.027278646237821565,Standardized,23.456599903640353,fphs
Chinese,0.066848233,0.008936089,Standardized,13.367726974157081,fphs
DK/R,0.1251450677969113,0.012051204905800708,Standardized,9.629788147430403,fphs
Filipino,0.14421300572985676,0.014513887,Standardized,10.064201106298066,fphs
Hispanic-AIAN,0.31768257614382533,0.017148692,Standardized,5.3980588539031285,fphs
Hispanic-AIAN-White,0.28826268107120767,0.0502336,Standardized,17.426327851795858,fphs
Hispanic-Asian,0.22029080098198667,0.042341775434998244,Standardized,19.220854999960057,fphs
Hispanic-Black,0.3308715766696954,0.024282043901734322,Standardized,7.338812280625348,fphs
Hispanic-Black-White,0.4693223345659477,0.067458338,Standardized,14.373562340198772,fphs
Hispanic-NHPI,0.17834418109764233,0.04995596,Standardized,28.01098376680134,fphs
Hispanic-White,0.3156577285812721,0.005131443,Standardized,1.625635212225267,fphs
Japanese,0.066342815,0.015893174295696196,Standardized,23.956135039151793,fphs
Korean,0.12220502698745787,0.027597446,Standardized,22.58290531417204,fphs
Mexican,0.3499435421855332,0.009367301,Standardized,2.6768035987111114,fphs
Multiple Hispanic,0.2219884501986078,0.04341678,Standardized,19.558125582984143,fphs
NHPI-Multiple,0.17923756731550702,0.046994424820289295,Standardized,26.21907088125465,fphs
NHPI-White,0.09931763,0.048313479,Standardized,48.64542056151078,fphs
Other Asian,0.14529156862914738,0.019072532954879866,Standardized,13.127074843249828,fphs
Other Hispanic,0.2787372723387533,0.017281280524665026,Standardized,6.199845603591488,fphs
Other Pacific Islander,0.20527969741790258,0.04574162,Standardized,22.282583414623513,fphs
Other Race,0.15790015987019954,0.014503636616087398,Standardized,9.185321045912803,fphs
Other Race-White,0.20297513843856518,0.049894334,Standardized,24.58150008977536,fphs
Puerto Rican,0.13590221809046812,0.038462645,Standardized,28.301705350641104,fphs
Samoan,0.2328815218375647,0.062786425,Standardized,26.960672645970522,fphs
Unspecified Asian,0.11884050933020257,0.016412155947240447,Standardized,13.810236963591842,fphs
Unspecified NHPI,0.1142828766447318,0.036495350717186986,Standardized,31.934224783857278,fphs
Vietnamese,0.10568300530194012,0.021935882202442906,Standardized,20.756300542146118,fphs
White,0.11643106362762946,0.002173126,Standardized,1.8664485012103356,fphs
AIAN,0.18712347052078895,0.022642844009541193,Standardized,12.100483144376927,mphd_poor
AIAN-Black,0.2918207366745961,0.059239939,Standardized,20.300112991386417,mphd_poor
AIAN-Black-White,0.16398874418884835,0.039547209,Standardized,24.11580696045028,mphd_poor
AIAN-Multiple,0.17644745514653537,0.036967025,Standardized,20.950727347618738,mphd_poor
AIAN-White,0.19080855137146557,0.022847379464080584,Standardized,11.973980882859578,mphd_poor
Asian Indian,0.027573752,0.006729536,Standardized,24.405588273342886,mphd_poor
Asian-Black,0.21322181135055815,0.064660211,Standardized,30.325326741958957,mphd_poor
Asian-Multiple,0.14901077099932517,0.053615011,Standardized,35.98062786290316,mphd_poor
Asian-NHPI,0.019331295763120065,0.010558919827640928,Standardized,54.620859134466635,mphd_poor
Asian-White,0.052083816,0.021513056332902084,Standardized,41.304685511061415,mphd_poor
Black,0.1270216780547852,0.006520573,Standardized,5.133433501868004,mphd_poor
Black-Multiple,0.18687491791850488,0.052189139798156314,Standardized,27.92731115521651,mphd_poor
Black-White,0.10113401700181074,0.028827324935134905,Standardized,28.50408377887212,mphd_poor
Chinese,0.041153705646440976,0.006287417,Standardized,15.277888618697524,mphd_poor
DK/R,0.12248876920078934,0.015119918327257117,Standardized,12.343922161934566,mphd_poor
Filipino,0.083217932,0.011345405782761109,Standardized,13.633366625629616,mphd_poor
Hispanic-AIAN,0.15032225634583463,0.01321926,Standardized,8.793947087660078,mphd_poor
Hispanic-AIAN-White,0.17111760631346432,0.035330608606823945,Standardized,20.646974538729257,mphd_poor
Hispanic-Asian,0.11466297416014991,0.034285465398640004,Standardized,29.901078050490348,mphd_poor
Hispanic-Black,0.15001029519484071,0.018026387589953688,Standardized,12.016766960254383,mphd_poor
Hispanic-Black-White,0.1424806709288953,0.058170035,Standardized,40.826615270702874,mphd_poor
Hispanic-NHPI,0.20177847599693818,0.053636266947380794,Standardized,26.58175838,mphd_poor
Hispanic-White,0.1383038202777539,0.00391554,Standardized,2.8311145454572655,mphd_poor
Japanese,0.053051542,0.015577857372191903,Standardized,29.36362813717907,mphd_poor
Korean,0.038133421,0.012214237204577021,Standardized,32.03026896327895,mphd_poor
Mexican,0.13475737565888346,0.007014735,Standardized,5.205455121054485,mphd_poor
Multiple Hispanic,0.19434804897427962,0.04002152,Standardized,20.592704815975825,mphd_poor
NHPI-Multiple,0.083601335,0.031404648,Standardized,37.56476813959049,mphd_poor
NHPI-White,0.11873580244788592,0.055633968,Standardized,46.85525951601477,mphd_poor
Other Asian,0.078992855,0.013888493,Standardized,17.58196064,mphd_poor
Other Hispanic,0.1462567246575402,0.013681561846856644,Standardized,9.354483958868894,mphd_poor
Other Pacific Islander,0.12476565534295529,0.040768799,Standardized,32.676298938340516,mphd_poor
Other Race,0.12283266285102293,0.015460860368261711,Standardized,12.586929249440232,mphd_poor
Other Race-White,0.13324637740408812,0.041728781880598906,Standardized,31.317010408508583,mphd_poor
Puerto Rican,0.087530539,0.032487785,Standardized,37.11594250701832,mphd_poor
Samoan,0.074012116,0.033020185317712676,Standardized,44.614567505288115,mphd_poor
Unspecified Asian,0.073075248,0.013826026,Standardized,18.920259318601154,mphd_poor
Unspecified NHPI,0.066742579,0.024730601052605883,Standardized,37.05370926449565,mphd_poor
Vietnamese,0.040593664,0.013321882537763742,Standardized,32.81764039620514,mphd_poor
White,0.1033533884384667,0.00217301,Standardized,2.1025052577010763,mphd_poor
AIAN,0.16906464031598156,0.020744811,Standardized,12.270342951045162,mmhd_poor
AIAN-Black,0.3214252487903524,0.05704613,Standardized,17.74786822941199,mmhd_poor
AIAN-Black-White,0.21636709604915544,0.042874120829719975,Standardized,19.815453279448555,mmhd_poor
AIAN-Multiple,0.10933227572648066,0.02900208,Standardized,26.52654945182058,mmhd_poor
AIAN-White,0.2221943354263505,0.025122883793460993,Standardized,11.306716593496748,mmhd_poor
Asian Indian,0.056474284,0.010504824299584575,Standardized,18.60107554463932,mmhd_poor
Asian-Black,0.14613846129568528,0.052508043886084425,Standardized,35.930338543693644,mmhd_poor
Asian-Multiple,0.17609564983112144,0.039027412,Standardized,22.162621317934207,mmhd_poor
Asian-NHPI,0.11237972368202541,0.036347703,Standardized,32.34364841475592,mmhd_poor
Asian-White,0.12200229386823234,0.025247269,Standardized,20.69409382066416,mmhd_poor
Black,0.13571516051110813,0.006868171,Standardized,5.060724706665233,mmhd_poor
Black-Multiple,0.0764646,0.027233766011809303,Standardized,35.616175190891994,mmhd_poor
Black-White,0.1881944882550573,0.039485602,Standardized,20.981274544272704,mmhd_poor
Chinese,0.051199087695651783,0.007035267,Standardized,13.740999990505575,mmhd_poor
DK/R,0.11218469970774873,0.011082553731114329,Standardized,9.878846010182656,mmhd_poor
Filipino,0.095041125,0.011059365007136604,Standardized,11.636399510515876,mmhd_poor
Hispanic-AIAN,0.14405567438875588,0.013020872123953036,Standardized,9.038777666483485,mmhd_poor
Hispanic-AIAN-White,0.17933045662545863,0.043390859,Standardized,24.196034611271756,mmhd_poor
Hispanic-Asian,0.17044614932102237,0.037902455,Standardized,22.23720207295011,mmhd_poor
Hispanic-Black,0.12022608599409097,0.016118820619727234,Standardized,13.407090887512934,mmhd_poor
Hispanic-Black-White,0.17204297444933825,0.06473932,Standardized,37.629737935029134,mmhd_poor
Hispanic-NHPI,0.092124535,0.030326280709618757,Standardized,32.91878831211127,mmhd_poor
Hispanic-White,0.10495468833645885,0.003513649,Standardized,3.3477773860245836,mmhd_poor
Japanese,0.038685888,0.011261848539108558,Standardized,29.110998993601918,mmhd_poor
Korean,0.059257064428090485,0.018910755985354882,Standardized,31.91308271489457,mmhd_poor
Mexican,0.1092651067537031,0.00671762,Standardized,6.148001441466445,mmhd_poor
Multiple Hispanic,0.0861373,0.020099374893331662,Standardized,23.334112969784446,mmhd_poor
NHPI-Multiple,0.14290613828055987,0.04072669,Standardized,28.498908760184012,mmhd_poor
NHPI-White,0.15201422008610652,0.052706853600257716,Standardized,34.672317872895434,mmhd_poor
Other Asian,0.074458583,0.011641975,Standardized,15.635504894873842,mmhd_poor
Other Hispanic,0.11373009001297199,0.012587489633267187,Standardized,11.067862191818776,mmhd_poor
Other Pacific Islander,0.11307910478418469,0.035371683622992645,Standardized,31.28047722919341,mmhd_poor
Other Race,0.15426470661660402,0.014392894174193939,Standardized,9.329998085670221,mmhd_poor
Other Race-White,0.19422674194981607,0.048412461,Standardized,24.92574450827308,mmhd_poor
Puerto Rican,0.087521464,0.031192077,Standardized,35.63934583671668,mmhd_poor
Samoan,0.054225936,0.028530889659824248,Standardized,52.61484029481716,mmhd_poor
Unspecified Asian,0.10781547556040838,0.014892537081711909,Standardized,13.812986497812837,mmhd_poor
Unspecified NHPI,0.087445496,0.039761739,Standardized,45.47031117069419,mmhd_poor
Vietnamese,0.052328936,0.013287597,Standardized,25.392447006183527,mmhd_poor
White,0.12364429287741081,0.002511083,Standardized,2.030892521629252,mmhd_poor
AIAN,0.084727711,0.013527109431966963,Standardized,15.965389969265932,vip
AIAN-Black,0.2057656675473952,0.057664407537354904,Standardized,28.02430950929787,vip
AIAN-Black-White,0.064744273,0.02410982,Standardized,37.238536233539776,vip
AIAN-Multiple,0.072665923,0.023441142186117255,Standardized,32.25878287,vip
AIAN-White,0.047569409,0.009532583,Standardized,20.039312345819113,vip
Asian Indian,0.014829396440083407,0.006211862,Standardized,41.88883801775935,vip
Asian-Black,0.015981258118383298,0.008594111,Standardized,53.776182448212694,vip
Asian-Multiple,0.002552997,0.0025639,Standardized,100.42708983850652,vip
Asian-NHPI,0.065296266,0.036463206,Standardized,55.84271325821395,vip
Asian-White,0.028529673797030062,0.019293865529390483,Standardized,67.62736113512442,vip
Black,0.066756768,0.005651523,Standardized,8.465842892141744,vip
Black-Multiple,0.044135018,0.028459772,Standardized,64.48342782,vip
Black-White,0.044595074,0.017486700106700795,Standardized,39.21217852681138,vip
Chinese,0.020356009566966423,0.005940328,Standardized,29.18218556429027,vip
DK/R,0.041173347347743035,0.007303079,Standardized,17.737394160684538,vip
Filipino,0.039318372,0.008299991,Standardized,21.10970094189121,vip
Hispanic-AIAN,0.080696159,0.010531791617918692,Standardized,13.051168432408765,vip
Hispanic-AIAN-White,0.10060130487206093,0.037442011865537916,Standardized,37.21821691394019,vip
Hispanic-Asian,0.071142934,0.03275128,Standardized,46.03588651,vip
Hispanic-Black,0.072842656,0.013069616350346591,Standardized,17.942256750756314,vip
Hispanic-Black-White,0.090119837,0.038628549,Standardized,42.86353688260716,vip
Hispanic-NHPI,0.080225234,0.033174848,Standardized,41.3521364,vip
Hispanic-White,0.069116346,0.002758773,Standardized,3.9914913409094823,vip
Japanese,0.040482894,0.012849425,Standardized,31.740382408522507,vip
Korean,0.037773459,0.020343361526183906,Standardized,53.85623105859637,vip
Mexican,0.088539777,0.006066054,Standardized,6.851219116800743,vip
Multiple Hispanic,0.05391666,0.017179411934557604,Standardized,31.862900663930404,vip
NHPI-Multiple,0.067105317,0.031098743,Standardized,46.343187729530946,vip
NHPI-White,0.064884941,0.037404936,Standardized,57.64809967007585,vip
Other Asian,0.023844333504489605,0.006621659,Standardized,27.7703694,vip
Other Hispanic,0.083923197,0.011573618438382295,Standardized,13.79072636299038,vip
Other Pacific Islander,0.059187284,0.027362490623206625,Standardized,46.23035327379721,vip
Other Race,0.034576086,0.006192124,Standardized,17.908689002816594,vip
Other Race-White,0.10768742333785214,0.034515782,Standardized,32.051822473560534,vip
Puerto Rican,0.044300781,0.02042297,Standardized,46.100699515665774,vip
Samoan,0.020149024,0.015842711991345567,Standardized,78.62768977,vip
Unspecified Asian,0.033251502,0.010473307501652544,Standardized,31.49724643772036,vip
Unspecified NHPI,0.016635204533776336,0.011270004851396896,Standardized,67.74791874974623,vip
Vietnamese,0.061615437,0.030967274,Standardized,50.25895276,vip
White,0.032805104,0.001243518,Standardized,3.790624817249223,vip
AIAN,0.19862057786530737,0.020277265840602788,Standardized,10.20904583932568,dis_walk
AIAN-Black,0.3378898706213984,0.051260646,Standardized,15.170814597343943,dis_walk
AIAN-Black-White,0.2268636402668105,0.042245430073874345,Standardized,18.62150762642714,dis_walk
AIAN-Multiple,0.21274819939701162,0.043128325884112736,Standardized,20.272005124532463,dis_walk
AIAN-White,0.23347814252637591,0.025970992597409464,Standardized,11.12352202068574,dis_walk
Asian Indian,0.045544477,0.011191169091044235,Standardized,24.57195664281668,dis_walk
Asian-Black,0.15464516139091877,0.068918888,Standardized,44.56582239506727,dis_walk
Asian-Multiple,0.13223199868047208,0.054244305,Standardized,41.022071469765194,dis_walk
Asian-NHPI,0.031576086,0.017420356,Standardized,55.16946138882592,dis_walk
Asian-White,0.081525708,0.026691268242442945,Standardized,32.7396952,dis_walk
Black,0.18176019735962426,0.007602868,Standardized,4.182911543302332,dis_walk
Black-Multiple,0.2502085719270524,0.048512061837368975,Standardized,19.388649023388584,dis_walk
Black-White,0.11601378557644226,0.027992693,Standardized,24.128764250363425,dis_walk
Chinese,0.041383296,0.0078191,Standardized,18.894338903441337,dis_walk
DK/R,0.11140420103870224,0.011400991005476846,Standardized,10.233896836184927,dis_walk
Filipino,0.10276255693651026,0.011794889315884047,Standardized,11.47780832581976,dis_walk
Hispanic-AIAN,0.18065082594842044,0.013607877531086797,Standardized,7.532695994964412,dis_walk
Hispanic-AIAN-White,0.2129532278633806,0.050911985947543086,Standardized,23.907590628401035,dis_walk
Hispanic-Asian,0.1667910345346483,0.03913528,Standardized,23.46365934336668,dis_walk
Hispanic-Black,0.16486343537363066,0.019666064185062258,Standardized,11.928699738964543,dis_walk
Hispanic-Black-White,0.26699274244586185,0.073824563,Standardized,27.65040061270927,dis_walk
Hispanic-NHPI,0.12215685336757356,0.039067874,Standardized,31.981729191674912,dis_walk
Hispanic-White,0.1516237814215636,0.003985632,Standardized,2.628632350852899,dis_walk
Japanese,0.045345469689480104,0.010895193201233111,Standardized,24.027082034527332,dis_walk
Korean,0.07562109,0.025830724,Standardized,34.158094748476344,dis_walk
Mexican,0.1614401357734162,0.007127648,Standardized,4.4150410184043105,dis_walk
Multiple Hispanic,0.11327128258864125,0.027132049415703987,Standardized,23.953158113550632,dis_walk
NHPI-Multiple,0.073630689,0.029093287366539853,Standardized,39.51244744583723,dis_walk
NHPI-White,0.11665904278548234,0.053500681,Standardized,45.860723300306006,dis_walk
Other Asian,0.087434131,0.014662386,Standardized,16.76963616238642,dis_walk
Other Hispanic,0.15474883194642292,0.013932041969413752,Standardized,9.003002991478022,dis_walk
Other Pacific Islander,0.14661394560845853,0.041094223685271526,Standardized,28.02886418118516,dis_walk
Other Race,0.1548637998162874,0.016570871309833105,Standardized,10.700287174595276,dis_walk
Other Race-White,0.14871396876493317,0.035904879013802404,Standardized,24.14358201,dis_walk
Puerto Rican,0.1394098356517679,0.041450564,Standardized,29.73288349865176,dis_walk
Samoan,0.078968977,0.035839155,Standardized,45.383840464266605,dis_walk
Unspecified Asian,0.073746623,0.012327774,Standardized,16.716390990680786,dis_walk
Unspecified NHPI,0.083834769,0.027800026630789697,Standardized,33.16049771887358,dis_walk
Vietnamese,0.077624336,0.022546554191511588,Standardized,29.045728854772392,dis_walk
White,0.10884789899931124,0.002062328,Standardized,1.8946881103492315,dis_walk
AIAN,0.18833613510251215,0.020216669,Standardized,10.73435463119444,dis_conc
AIAN-Black,0.27247730172726914,0.060504075930251214,Standardized,22.205180228484352,dis_conc
AIAN-Black-White,0.19241546597152717,0.047416984,Standardized,24.643021257024074,dis_conc
AIAN-Multiple,0.21288268068991215,0.039799189,Standardized,18.69536257618045,dis_conc
AIAN-White,0.23569465010499197,0.025120156444340413,Standardized,10.657923899906278,dis_conc
Asian Indian,0.042827225987046316,0.008381772,Standardized,19.571128868692917,dis_conc
Asian-Black,0.2012834240590314,0.056030225845337615,Standardized,27.83648286,dis_conc
Asian-Multiple,0.1389801436555923,0.055281309605548716,Standardized,39.77640845050623,dis_conc
Asian-NHPI,0.046801433,0.02400325,Standardized,51.28742587159236,dis_conc
Asian-White,0.13213372254255085,0.031072742391615966,Standardized,23.516133348630706,dis_conc
Black,0.13188030457598568,0.007184503,Standardized,5.447745157734974,dis_conc
Black-Multiple,0.112537355,0.043077963,Standardized,38.278812480768906,dis_conc
Black-White,0.13985212048064335,0.033729269944811534,Standardized,24.11781089,dis_conc
Chinese,0.042508514,0.008051159,Standardized,18.940109759358876,dis_conc
DK/R,0.12498031221312961,0.021129156692057626,Standardized,16.905988085568197,dis_conc
Filipino,0.072236043,0.009225702,Standardized,12.771604278557788,dis_conc
Hispanic-AIAN,0.13818701747547646,0.011889991311923604,Standardized,8.604275227,dis_conc
Hispanic-AIAN-White,0.2313813376131803,0.040240749,Standardized,17.39152743611857,dis_conc
Hispanic-Asian,0.1350083622523451,0.032942702074104234,Standardized,24.400490106331926,dis_conc
Hispanic-Black,0.1444652339532584,0.018286814,Standardized,12.658280432747468,dis_conc
Hispanic-Black-White,0.19400973257821966,0.066133401,Standardized,34.08767197476911,dis_conc
Hispanic-NHPI,0.10322173176008036,0.037447648319203414,Standardized,36.27884136476559,dis_conc
Hispanic-White,0.1150795697365301,0.003634613,Standardized,3.158348125663198,dis_conc
Japanese,0.053447609,0.01613781,Standardized,30.19369949236727,dis_conc
Korean,0.039262882,0.017338367,Standardized,44.159690360151835,dis_conc
Mexican,0.13245410613118694,0.006570214,Standardized,4.960370086827057,dis_conc
Multiple Hispanic,0.1483755204630684,0.033729367,Standardized,22.732433660980256,dis_conc
NHPI-Multiple,0.18347176061023457,0.050644373,Standardized,27.603361419187735,dis_conc
NHPI-White,0.12969673733604573,0.053264174,Standardized,41.06824506925781,dis_conc
Other Asian,0.098034478,0.015613252299544344,Standardized,15.926286937784448,dis_conc
Other Hispanic,0.13361115849792093,0.013446793689218174,Standardized,10.064124763522212,dis_conc
Other Pacific Islander,0.13604664976867992,0.042963201,Standardized,31.57975651457296,dis_conc
Other Race,0.12717867056045687,0.012801296345211351,Standardized,10.065600063908517,dis_conc
Other Race-White,0.17151345903086732,0.043718917,Standardized,25.490079346916257,dis_conc
Puerto Rican,0.068361102,0.025524290477544093,Standardized,37.33744752815023,dis_conc
Samoan,0.075226338,0.035587021,Standardized,47.306597057703364,dis_conc
Unspecified Asian,0.078474629,0.011920775333951163,Standardized,15.190610600728046,dis_conc
Unspecified NHPI,0.10621079158681751,0.042480293,Standardized,39.99621126035908,dis_conc
Vietnamese,0.074577016,0.018242139,Standardized,24.460805673169574,dis_conc
White,0.098456707,0.002140561,Standardized,2.174113952279513,dis_conc
AIAN,0.14281007144113472,0.017282018,Standardized,12.101400062273816,dis_err
AIAN-Black,0.27381839884153175,0.059653798,Standardized,21.78589818969157,dis_err
AIAN-Black-White,0.1296018681900804,0.03599148,Standardized,27.77080327909804,dis_err
AIAN-Multiple,0.1852661005817035,0.044206152,Standardized,23.860896246861614,dis_err
AIAN-White,0.15548326158755427,0.021718267358143938,Standardized,13.968234996095802,dis_err
Asian Indian,0.023671537974714302,0.007235531,Standardized,30.56637409188636,dis_err
Asian-Black,0.1432459173443098,0.046233578793789705,Standardized,32.27566945776291,dis_err
Asian-Multiple,0.18812463115366318,0.051692042,Standardized,27.47755144206313,dis_err
Asian-NHPI,0.022874534,0.015442172819841884,Standardized,67.50814144,dis_err
Asian-White,0.051663059,0.021356602,Standardized,41.338245724396984,dis_err
Black,0.096179239,0.006063657,Standardized,6.304538636885662,dis_err
Black-Multiple,0.16109141130813873,0.032895401,Standardized,20.420332054702214,dis_err
Black-White,0.095906868,0.023925592,Standardized,24.946693539794456,dis_err
Chinese,0.013640126088526562,0.004575786,Standardized,33.54650711649576,dis_err
DK/R,0.056337279,0.008345897,Standardized,14.81416410319988,dis_err
Filipino,0.040177078,0.006654186,Standardized,16.56214464,dis_err
Hispanic-AIAN,0.093366006,0.011378170292207664,Standardized,12.186630620506188,dis_err
Hispanic-AIAN-White,0.1734761305956647,0.041379135357713225,Standardized,23.852927325292395,dis_err
Hispanic-Asian,0.016866545,0.007636032,Standardized,45.27324718212084,dis_err
Hispanic-Black,0.072182769,0.014715852605443867,Standardized,20.386932793711587,dis_err
Hispanic-Black-White,0.071632317,0.039032459932439464,Standardized,54.490014396584996,dis_err
Hispanic-NHPI,0.024530375,0.017492786758098948,Standardized,71.31071961833779,dis_err
Hispanic-White,0.067946796,0.002867262,Standardized,4.219864035815239,dis_err
Japanese,0.049208724,0.017240013,Standardized,35.03446406551237,dis_err
Korean,0.039715309,0.018606996,Standardized,46.85094070934912,dis_err
Mexican,0.073663356,0.00541598,Standardized,7.352339792,dis_err
Multiple Hispanic,0.074143595,0.025319141655216357,Standardized,34.14879126635814,dis_err
NHPI-Multiple,0.080147666,0.029611423,Standardized,36.94608243290997,dis_err
NHPI-White,0.018442264,0.009169448,Standardized,49.719752241617265,dis_err
Other Asian,0.05416517,0.015406811,Standardized,28.44412855290753,dis_err
Other Hispanic,0.077570535,0.010955463103057646,Standardized,14.12322742599521,dis_err
Other Pacific Islander,0.032323669,0.013043160435418743,Standardized,40.35173242689092,dis_err
Other Race,0.085334872,0.009879292,Standardized,11.577086233682143,dis_err
Other Race-White,0.10130881257711175,0.033679838,Standardized,33.244726484810215,dis_err
Puerto Rican,0.087258623,0.032997307,Standardized,37.81552587217019,dis_err
Samoan,0.096142763,0.048862038,Standardized,50.82237771904566,dis_err
Unspecified Asian,0.034946853814034576,0.009025768,Standardized,25.827127155109793,dis_err
Unspecified NHPI,0.082086532,0.039170128,Standardized,47.71809348896375,dis_err
Vietnamese,0.029507873,0.012991363618808352,Standardized,44.026771295806014,dis_err
White,0.060750365,0.001762424,Standardized,2.901091774312829,dis_err
AIAN,0.080897052,0.013065840776569948,Standardized,16.151195255725735,dis_dress
AIAN-Black,0.11892874437739034,0.035318209,Standardized,29.696949289349966,dis_dress
AIAN-Black-White,0.11508465602761639,0.035398515,Standardized,30.75867493,dis_dress
AIAN-Multiple,0.094044797,0.033471270826773085,Standardized,35.59077355,dis_dress
AIAN-White,0.11710921555021453,0.018753278949404067,Standardized,16.013495489057362,dis_dress
Asian Indian,0.017390702666479244,0.006726809,Standardized,38.680489353257386,dis_dress
Asian-Black,0.11024830370841875,0.047455977,Standardized,43.04463243317655,dis_dress
Asian-Multiple,0.12245756030831825,0.04177986,Standardized,34.11782807670305,dis_dress
Asian-NHPI,0.001407121,0.00142033,Standardized,100.93871732397497,dis_dress
Asian-White,0.030871665,0.019592742,Standardized,63.465129697198776,dis_dress
Black,0.064054305,0.004685318,Standardized,7.314603019173912,dis_dress
Black-Multiple,0.12383222291801713,0.048839737,Standardized,39.440249076391346,dis_dress
Black-White,0.078528565,0.028483966,Standardized,36.27210848505547,dis_dress
Chinese,0.005281771,0.002260317,Standardized,42.79467935874618,dis_dress
DK/R,0.030408335238340415,0.006562292,Standardized,21.580569430638118,dis_dress
Filipino,0.026356831681872583,0.00571248,Standardized,21.67362242838293,dis_dress
Hispanic-AIAN,0.058273895842349197,0.00936588,Standardized,16.072171527120275,dis_dress
Hispanic-AIAN-White,0.07021213,0.029380359557541584,Standardized,41.84513352741689,dis_dress
Hispanic-Asian,0.04834246,0.025544188,Standardized,52.84006704531714,dis_dress
Hispanic-Black,0.064718951,0.014616284403099679,Standardized,22.584241708706358,dis_dress
Hispanic-Black-White,0.10623606216030715,0.052946593758721294,Standardized,49.83862605790716,dis_dress
Hispanic-NHPI,0.045150994,0.024607639884063462,Standardized,54.50077062561708,dis_dress
Hispanic-White,0.049675041,0.002495253,Standardized,5.023152208041914,dis_dress
Japanese,0.02072612,0.009564115,Standardized,46.14522657437482,dis_dress
Korean,0.032105630734118734,0.017036861,Standardized,53.065025923492584,dis_dress
Mexican,0.052536685,0.004455257,Standardized,8.480277135389294,dis_dress
Multiple Hispanic,0.047094054,0.014603917652378763,Standardized,31.01010924905318,dis_dress
NHPI-Multiple,0.038767762,0.022214269,Standardized,57.300881280904584,dis_dress
NHPI-White,0,0,Standardized,NA,dis_dress
Other Asian,0.027603195167910786,0.008402202,Standardized,30.43923623510953,dis_dress
Other Hispanic,0.04968583,0.009092964,Standardized,18.300920168847384,dis_dress
Other Pacific Islander,0.052593279,0.027820858280364468,Standardized,52.89812442740427,dis_dress
Other Race,0.032573246979034035,0.005567881,Standardized,17.093417093776715,dis_dress
Other Race-White,0.005072506,0.00449831,Standardized,88.6802293,dis_dress
Puerto Rican,0.11358127067792657,0.039012915,Standardized,34.34801800344983,dis_dress
Samoan,0.008546426,0.009512975,Standardized,111.30939615291709,dis_dress
Unspecified Asian,0.019849793598562242,0.007706362,Standardized,38.823384765062904,dis_dress
Unspecified NHPI,0.025959455,0.023355503542113434,Standardized,89.96915874924274,dis_dress
Vietnamese,0.041848409,0.018140591,Standardized,43.348341561894784,dis_dress
White,0.031062886094876962,0.001222492,Standardized,3.9355390393051373,dis_dress